URI,name,street,zip,city,ticket_vending_machine,luggage_lockers,free_parking,taxi,bicycle_spots,blue-bike,bus,tram,metro,wheelchair_available,ramp,disabled_parking_spots,elevated_platform,escalator_up,escalator_down,elevator_platform,audio_induction_loop,sales_open_monday,sales_close_monday,sales_open_tuesday,sales_close_tuesday,sales_open_wednesday,sales_close_wednesday,sales_open_thursday,sales_close_thursday,sales_open_friday,sales_close_friday,sales_open_saturday,sales_close_saturday,sales_open_sunday,sales_close_sunday
8015345,Aachen Hbf,,,,,,,,,,,,,,,,,,,,,,,,,,,,,,,,,,
8895000,Aalst,Stationsplein 9,9300,Aalst,1.0,0.0,1.0,1.0,1.0,1.0,1.0,0.0,0.0,1.0,1.0,4.0,1.0,0.0,0.0,1.0,1.0,05:45,20:00,05:45,20:00,05:45,20:00,05:45,20:00,05:45,20:00,06:00,20:00,06:00,20:00
8895125,Aalst-Kerrebroek,Ledebaan,9300,Aalst,0.0,0.0,1.0,0.0,0.0,0.0,0.0,0.0,0.0,0.0,0.0,0.0,0.0,0.0,0.0,0.0,0.0,,,,,,,,,,,,,,
8891140,Aalter,Stationsplein 2,9880,Aalter,1.0,0.0,1.0,0.0,1.0,1.0,1.0,0.0,0.0,0.0,0.0,4.0,0.0,0.0,0.0,0.0,1.0,07:00,14:15,07:00,14:15,07:00,14:15,07:00,14:15,07:00,14:15,07:45,15:00,07:45,15:00
8833209,Aarschot,Statieplein,3200,Aarschot,1.0,0.0,1.0,0.0,1.0,1.0,1.0,0.0,0.0,1.0,1.0,3.0,0.0,0.0,0.0,0.0,1.0,05:45,20:00,05:45,20:00,05:45,20:00,05:45,20:00,05:45,20:00,06:00,20:00,07:00,14:15
8892288,Aarsele,Hogenhovenstraat Zn,8700,Aarsele,1.0,0.0,0.0,0.0,0.0,0.0,0.0,0.0,0.0,0.0,0.0,0.0,0.0,0.0,0.0,0.0,0.0,,,,,,,,,,,,,,
8886546,Acren,Rue De La Station,7864,Deux-Acren,1.0,0.0,0.0,0.0,0.0,0.0,0.0,0.0,0.0,0.0,0.0,0.0,0.0,0.0,0.0,0.0,0.0,,,,,,,,,,,,,,
8778127,Agde,,,,,,,,,,,,,,,,,,,,,,,,,,,,,,,,,,
8774176,Aime-la-Plagne,,,,,,,,,,,,,,,,,,,,,,,,,,,,,,,,,,
8874583,Aiseau,Rue De Tergnée,6250,Aiseau-Presles,1.0,0.0,0.0,0.0,0.0,0.0,0.0,0.0,0.0,0.0,0.0,0.0,0.0,0.0,0.0,0.0,0.0,,,,,,,,,,,,,,
8731901,Aix-en-Provence TGV,,,,,,,,,,,,,,,,,,,,,,,,,,,,,,,,,,
8774164,Albertville,,,,,,,,,,,,,,,,,,,,,,,,,,,,,,,,,,
8831039,Alken,Stationsstraat,3570,Alken,1.0,0.0,1.0,0.0,0.0,0.0,1.0,0.0,0.0,0.0,0.0,0.0,0.0,0.0,0.0,0.0,0.0,,,,,,,,,,,,,,
8843331,Amay,Place Gustave Rome 10,4540,Amay,0.0,0.0,1.0,0.0,0.0,0.0,1.0,0.0,0.0,0.0,0.0,1.0,1.0,0.0,0.0,0.0,0.0,,,,,,,,,,,,,,
8843323,Ampsin,Rue Des Ganons 10,4540,Ampsin,0.0,0.0,1.0,0.0,0.0,0.0,0.0,0.0,0.0,0.0,0.0,0.0,0.0,0.0,0.0,0.0,0.0,,,,,,,,,,,,,,
8400058,Amsterdam CS,,,,,,,,,,,,,,,,,,,,,,,,,,,,,,,,,,
8863404,Andenne,Rue De La Station  47 B,5300,Seilles,1.0,1.0,1.0,1.0,1.0,0.0,1.0,0.0,0.0,0.0,1.0,3.0,0.0,0.0,0.0,0.0,1.0,06:00,13:15,06:00,13:15,06:00,13:15,06:00,13:15,06:00,13:15,07:15,14:30,,
8811940,Anderlecht,Bergensesteenweg,1070,Anderlecht,0.0,0.0,0.0,0.0,0.0,0.0,0.0,0.0,0.0,0.0,0.0,0.0,0.0,0.0,0.0,0.0,0.0,,,,,,,,,,,,,,
8842002,Angleur,Rue Denis Lecoq,4031,Angleur,1.0,0.0,1.0,0.0,0.0,0.0,0.0,0.0,0.0,0.0,0.0,4.0,1.0,0.0,0.0,0.0,0.0,,,,,,,,,,,,,,
8728685,Annappes,,,,,,,,,,,,,,,,,,,,,,,,,,,,,,,,,,
8841202,Ans,Rue De La Station 85,4430,Ans,1.0,0.0,1.0,0.0,1.0,0.0,1.0,0.0,0.0,0.0,1.0,5.0,1.0,0.0,0.0,0.0,1.0,06:45,14:00,06:45,14:00,06:45,14:00,06:45,14:00,06:45,14:00,,,,
8863818,Anseremme,Rue Des Tilleuls,5500,Anseremme,1.0,0.0,1.0,0.0,0.0,0.0,0.0,0.0,0.0,0.0,0.0,0.0,1.0,0.0,0.0,0.0,0.0,,,,,,,,,,,,,,
8775767,Antibes,,,,,,,,,,,,,,,,,,,,,,,,,,,,,,,,,,
8885522,Antoing,Rue De La Station,7640,Antoing,1.0,0.0,1.0,0.0,1.0,0.0,1.0,0.0,0.0,0.0,0.0,1.0,0.0,0.0,0.0,0.0,0.0,,,,,,,,,,,,,,
8821121,Antwerpen-Berchem,Burgemeester Edgar Ryckaertsplein 1,2600,Berchem,1.0,1.0,1.0,1.0,1.0,0.0,1.0,1.0,0.0,0.0,0.0,0.0,1.0,1.0,0.0,0.0,1.0,05:45,20:00,05:45,20:00,05:45,20:00,05:45,20:00,05:45,20:00,06:15,20:30,06:30,20:30
8821006,Antwerpen-Centraal,Koningin Astridplein 27,2018,Antwerpen,1.0,1.0,1.0,1.0,1.0,1.0,1.0,1.0,1.0,1.0,1.0,24.0,1.0,1.0,1.0,1.0,1.0,05:45,22:00,05:45,22:00,05:45,22:00,05:45,22:00,05:45,22:00,05:45,22:00,05:45,22:00
8821030,Antwerpen-Dam,Damplein,2060,Antwerpen,0.0,0.0,0.0,0.0,0.0,0.0,1.0,0.0,0.0,0.0,0.0,0.0,0.0,0.0,0.0,0.0,0.0,,,,,,,,,,,,,,
8821048,Antwerpen-Haven,Noorderlaan,2000,Antwerpen,0.0,0.0,1.0,0.0,0.0,0.0,0.0,0.0,0.0,0.0,0.0,0.0,0.0,0.0,0.0,0.0,0.0,,,,,,,,,,,,,,
8821063,Antwerpen-Luchtbal,Groendaellaan,2060,Antwerpen,1.0,0.0,0.0,0.0,0.0,0.0,0.0,0.0,0.0,0.0,0.0,0.0,1.0,0.0,0.0,0.0,0.0,,,,,,,,,,,,,,
8821089,Antwerpen-Noorderdokken,ArgentiniËlaan,2030,Antwerpen,1.0,0.0,0.0,0.0,1.0,0.0,0.0,0.0,0.0,0.0,0.0,0.0,0.0,0.0,0.0,0.0,0.0,,,,,,,,,,,,,,
8821022,Antwerpen-Oost,Plantin En Moretuslei,2018,Antwerpen,0.0,0.0,0.0,0.0,0.0,0.0,1.0,0.0,0.0,0.0,0.0,0.0,1.0,0.0,0.0,1.0,0.0,,,,,,,,,,,,,,
8821196,Antwerpen-Zuid,Kolonel Silvertopstraat,2020,Antwerpen,1.0,0.0,0.0,0.0,0.0,0.0,1.0,1.0,0.0,0.0,0.0,0.0,0.0,0.0,0.0,0.0,0.0,,,,,,,,,,,,,,
8892734,Anzegem,Statieplein 3,8570,Anzegem,1.0,0.0,0.0,0.0,0.0,0.0,1.0,0.0,0.0,0.0,0.0,0.0,0.0,0.0,0.0,0.0,0.0,,,,,,,,,,,,,,
8895745,Appelterre,'T Angereelstraat 101,9400,Appelterre - Ninove,1.0,0.0,1.0,0.0,0.0,0.0,0.0,0.0,0.0,0.0,0.0,0.0,1.0,0.0,0.0,0.0,0.0,,,,,,,,,,,,,,
8814472,Arcaden/Arcades,Arcadenplein,1170,Watermaal-Bosvoorde,1.0,0.0,0.0,0.0,0.0,0.0,0.0,0.0,0.0,0.0,0.0,0.0,0.0,0.0,0.0,0.0,0.0,,,,,,,,,,,,,,
8811759,Archennes,Rue De Florival 100,1390,Grez Doiceau,1.0,0.0,1.0,0.0,0.0,0.0,0.0,0.0,0.0,0.0,0.0,0.0,0.0,0.0,0.0,0.0,0.0,,,,,,,,,,,,,,
8866001,Arlon,Avenue De La Gare 32,6700,Arlon,1.0,0.0,1.0,1.0,1.0,0.0,1.0,0.0,0.0,1.0,1.0,13.0,1.0,0.0,0.0,0.0,1.0,05:45,20:00,05:45,20:00,05:45,20:00,05:45,20:00,05:45,20:00,06:15,20:30,06:15,20:30
8734201,Arras,,,,,,,,,,,,,,,,,,,,,,,,,,,,,,,,,,
8728686,Ascq,,,,,,,,,,,,,,,,,,,,,,,,,,,,,,,,,,
8812070,Asse,Stationsstraat 91,1730,Asse,1.0,0.0,1.0,0.0,1.0,1.0,1.0,0.0,0.0,0.0,0.0,2.0,0.0,0.0,0.0,0.0,0.0,,,,,,,,,,,,,,
8864931,Assesse,Place Louis Focant 1,5330,Assesse,1.0,0.0,1.0,0.0,0.0,0.0,0.0,0.0,0.0,0.0,0.0,0.0,0.0,0.0,0.0,0.0,0.0,,,,,,,,,,,,,,
8886009,Ath,Rue De La Station,7800,Ath,1.0,0.0,0.0,0.0,1.0,0.0,1.0,0.0,0.0,0.0,1.0,2.0,0.0,0.0,0.0,0.0,1.0,05:45,20:00,05:45,20:00,05:45,20:00,05:45,20:00,05:45,20:00,06:00,20:30,06:00,20:30
8866605,Athus,Place Des Martyrs,6791,Athus,1.0,0.0,0.0,0.0,0.0,0.0,0.0,0.0,0.0,0.0,0.0,0.0,0.0,0.0,0.0,0.0,0.0,,,,,,,,,,,,,,
8869047,Athus-Frontiere,,,,,,,,,,,,,,,,,,,,,,,,,,,,,,,,,,
8866654,Aubange,Avenue De La Gare,6790,Aubange,1.0,0.0,0.0,0.0,0.0,0.0,0.0,0.0,0.0,0.0,0.0,0.0,0.0,0.0,0.0,0.0,0.0,,,,,,,,,,,,,,
8869088,Aubange-Frontiere-Luxembourg,,,,,,,,,,,,,,,,,,,,,,,,,,,,,,,,,,
8729560,Aulnoye-Aymeries,,,,,,,,,,,,,,,,,,,,,,,,,,,,,,,,,,
8874716,Auvelais,Rue De La Gare,5060,Auvelais,1.0,0.0,1.0,0.0,1.0,0.0,1.0,0.0,0.0,0.0,0.0,0.0,1.0,0.0,0.0,0.0,0.0,,,,,,,,,,,,,,
8731896,Avignon TGV,,,,,,,,,,,,,,,,,,,,,,,,,,,,,,,,,,
8864352,Aye,Rue Du Vivier,6900,Aye,1.0,0.0,1.0,0.0,0.0,0.0,1.0,0.0,0.0,0.0,0.0,0.0,0.0,0.0,0.0,0.0,0.0,,,,,,,,,,,,,,
8842754,Aywaille,Place Marcellis 3,4920,Aywaille,1.0,0.0,1.0,0.0,1.0,0.0,1.0,0.0,0.0,0.0,0.0,3.0,0.0,0.0,0.0,0.0,0.0,,,,,,,,,,,,,,
8727149,Aéroport Charles-de-Gaulle TGV,,,,,,,,,,,,,,,,,,,,,,,,,,,,,,,,,,
8822160,Baasrode-Zuid,Mandekensstraat,9280,Baasrode-Zuid,1.0,0.0,1.0,0.0,0.0,0.0,0.0,0.0,0.0,0.0,0.0,0.0,0.0,0.0,0.0,0.0,0.0,,,,,,,,,,,,,,
8728687,Baisieux,,,,,,,,,,,,,,,,,,,,,,,,,,,,,,,,,,
8895257,Balegem-Dorp,Houtestraat 32,9860,Balegem - Oosterzele,1.0,0.0,1.0,0.0,0.0,0.0,0.0,0.0,0.0,0.0,0.0,0.0,0.0,0.0,0.0,0.0,0.0,,,,,,,,,,,,,,
8895240,Balegem-Zuid,Walzegem,9860,Balegem - Oosterzele,1.0,0.0,1.0,0.0,0.0,0.0,0.0,0.0,0.0,0.0,0.0,0.0,0.0,0.0,0.0,0.0,0.0,,,,,,,,,,,,,,
8832045,Balen,Stationsstraat,2490,Balen,1.0,0.0,1.0,0.0,0.0,0.0,1.0,0.0,0.0,0.0,0.0,0.0,0.0,0.0,0.0,0.0,0.0,,,,,,,,,,,,,,
8895463,Bambrugge,Kwalestraat,9420,Bambrugge - Erpe-Mere,0.0,0.0,0.0,0.0,0.0,0.0,0.0,0.0,0.0,0.0,0.0,0.0,0.0,0.0,0.0,0.0,0.0,,,,,,,,,,,,,,
8864451,Barvaux,Rue Des Hazalles,6940,Barvaux,1.0,0.0,1.0,0.0,0.0,0.0,1.0,0.0,0.0,0.0,0.0,0.0,0.0,0.0,0.0,0.0,0.0,,,,,,,,,,,,,,
8843430,Bas-Oha,Rue Bormans 1,4520,Bas-Oha,0.0,0.0,0.0,0.0,0.0,0.0,1.0,0.0,0.0,0.0,0.0,0.0,0.0,0.0,0.0,0.0,0.0,,,,,,,,,,,,,,
8500010,Basel,,,,,,,,,,,,,,,,,,,,,,,,,,,,,,,,,,
8811734,Basse-Wavre,Chaussée Du Tilleul,1300,Wavre,1.0,0.0,1.0,0.0,0.0,0.0,0.0,0.0,0.0,0.0,0.0,0.0,1.0,0.0,0.0,0.0,0.0,,,,,,,,,,,,,,
8865128,Bastogne-Nord,Rue Pierre Thomas/n30,6600,Bastogne,0.0,0.0,0.0,0.0,0.0,0.0,0.0,0.0,0.0,0.0,0.0,0.0,0.0,0.0,0.0,0.0,0.0,,,,,,,,,,,,,,
8865110,Bastogne-Sud,Place De La Gare 1,6600,Bastogne.,0.0,0.0,0.0,0.0,0.0,0.0,0.0,0.0,0.0,0.0,0.0,0.0,0.0,0.0,0.0,0.0,0.0,,,,,,,,,,,,,,
8863867,Beauraing,Place De La Gare 45,5570,Beauraing,1.0,0.0,1.0,0.0,1.0,0.0,1.0,0.0,0.0,0.0,1.0,0.0,0.0,0.0,0.0,0.0,0.0,,,,,,,,,,,,,,
8891124,Beernem,Stationsplein 3,8730,Beernem,1.0,0.0,1.0,0.0,1.0,1.0,1.0,0.0,0.0,0.0,0.0,1.0,0.0,0.0,0.0,0.0,0.0,,,,,,,,,,,,,,
8814423,Beersel,Lotsestraat,1650,Beersel,1.0,0.0,0.0,0.0,0.0,0.0,0.0,0.0,0.0,0.0,0.0,0.0,0.0,0.0,0.0,0.0,0.0,,,,,,,,,,,,,,
8894151,Beervelde,Beerveldsebaan 28,9080,Beervelde,1.0,0.0,1.0,0.0,0.0,0.0,1.0,0.0,0.0,0.0,0.0,3.0,0.0,0.0,0.0,0.0,0.0,,,,,,,,,,,,,,
8821865,Begijnendijk,Haltestraat Zn,3130,Begijnendijk,1.0,0.0,1.0,0.0,0.0,0.0,0.0,0.0,0.0,0.0,0.0,0.0,0.0,0.0,0.0,0.0,0.0,,,,,,,,,,,,,,
8871183,Beignée,Rue Du Point d'Arrêt,6120,Ham-Sur-Heure-Nalinnes,0.0,0.0,0.0,0.0,0.0,0.0,0.0,0.0,0.0,0.0,0.0,0.0,0.0,0.0,0.0,0.0,0.0,,,,,,,,,,,,,,
8891157,Bellem,Lotenhullestraat Zn,9881,Bellem,1.0,0.0,1.0,0.0,0.0,0.0,0.0,0.0,0.0,0.0,0.0,0.0,0.0,0.0,0.0,0.0,0.0,,,,,,,,,,,,,,
8894433,Belsele,Kerkstraat,9111,Belsele,1.0,0.0,1.0,0.0,0.0,0.0,0.0,0.0,0.0,0.0,0.0,0.0,0.0,0.0,0.0,0.0,0.0,,,,,,,,,,,,,,
8832235,Beringen,Koerselsesteenweg / Motstraat,3580,Beringen,1.0,0.0,1.0,0.0,0.0,0.0,0.0,0.0,0.0,0.0,0.0,3.0,0.0,0.0,0.0,0.0,0.0,,,,,,,,,,,,,,
8821816,Berlaar,Misstraat Zn.,2590,Berlaar,1.0,0.0,1.0,0.0,0.0,0.0,1.0,0.0,0.0,0.0,0.0,1.0,0.0,0.0,0.0,0.0,0.0,,,,,,,,,,,,,,
8200510,Bertrange Strassen,,,,,,,,,,,,,,,,,,,,,,,,,,,,,,,,,,
8865300,Bertrix,Rue De La Gare 173,6880,Bertrix,1.0,0.0,1.0,0.0,1.0,0.0,1.0,0.0,0.0,0.0,1.0,0.0,0.0,0.0,0.0,0.0,1.0,06:15,13:30,06:15,13:30,06:15,13:30,06:15,13:30,06:15,13:30,,,,
8873320,Berzée,Rue Bois Mignon,5651,Berzee,1.0,0.0,1.0,0.0,0.0,0.0,1.0,0.0,0.0,0.0,0.0,1.0,0.0,0.0,0.0,0.0,0.0,,,,,,,,,,,,,,
8861424,Beuzet,Rue De La Station,5030,Beuzet,1.0,0.0,1.0,0.0,0.0,0.0,0.0,0.0,0.0,0.0,0.0,0.0,1.0,0.0,0.0,0.0,0.0,,,,,,,,,,,,,,
8894748,Beveren,Stationsplein 2,9120,Beveren-Waas,1.0,0.0,1.0,0.0,1.0,0.0,1.0,0.0,0.0,0.0,0.0,2.0,0.0,0.0,0.0,0.0,1.0,06:00,13:15,06:00,13:15,06:00,13:15,06:00,13:15,06:00,13:15,,,,
8832227,Beverlo,Korspelsesteenweg,3580,Beringen,1.0,0.0,1.0,0.0,0.0,0.0,0.0,0.0,0.0,0.0,0.0,0.0,0.0,0.0,0.0,0.0,0.0,,,,,,,,,,,,,,
8811718,Bierges-Walibi,Rue De La Wastinne,1301,Bierges,0.0,0.0,0.0,0.0,0.0,0.0,0.0,0.0,0.0,0.0,0.0,0.0,1.0,0.0,0.0,0.0,0.0,,,,,,,,,,,,,,
8841319,Bierset-Awans,Avenue De La Gare 15,4460,Bierset,1.0,0.0,1.0,0.0,0.0,0.0,0.0,0.0,0.0,0.0,0.0,0.0,0.0,0.0,0.0,0.0,0.0,,,,,,,,,,,,,,
8831138,Bilzen,Stationlaan,3740,Bilzen,1.0,0.0,1.0,0.0,1.0,0.0,1.0,0.0,0.0,0.0,0.0,1.0,0.0,0.0,0.0,0.0,0.0,,,,,,,,,,,,,,
8882362,Binche,Place Derbaix,7130,Binche,1.0,0.0,1.0,0.0,1.0,0.0,1.0,0.0,0.0,0.0,0.0,4.0,0.0,0.0,0.0,0.0,0.0,05:45,13:00,05:45,13:00,05:45,13:00,05:45,13:00,05:45,13:00,,,,
8896388,Bissegem,Vlaswaagplein,8501,Bissegem,1.0,0.0,1.0,0.0,0.0,0.0,0.0,0.0,0.0,0.0,0.0,1.0,0.0,0.0,0.0,0.0,0.0,,,,,,,,,,,,,,
8889045,Blandain-Frontiere,,,,,,,,,,,,,,,,,,,,,,,,,,,,,,,,,,
8891405,Blankenberge,Leopold III-Plein,8370,Blankenberge,1.0,1.0,1.0,1.0,1.0,0.0,1.0,1.0,0.0,1.0,1.0,2.0,1.0,0.0,0.0,0.0,1.0,06:15,20:00,06:15,20:00,06:15,20:00,06:15,20:00,06:15,20:00,07:15,21:00,07:15,21:00
8861531,Blanmont,Rue De La Gare,1450,Chastre,1.0,0.0,1.0,0.0,0.0,0.0,0.0,0.0,0.0,0.0,0.0,0.0,1.0,0.0,0.0,0.0,0.0,,,,,,,,,,,,,,
8884715,Blaton,Quartier De La Gare,7321,Blaton,1.0,0.0,1.0,0.0,1.0,0.0,1.0,0.0,0.0,0.0,0.0,0.0,0.0,0.0,0.0,0.0,0.0,,,,,,,,,,,,,,
8841434,Bleret,Rue Amédée De Lantremange 51,4300,Waremme,0.0,0.0,0.0,0.0,0.0,0.0,0.0,0.0,0.0,0.0,0.0,0.0,0.0,0.0,0.0,0.0,0.0,,,,,,,,,,,,,,
8812021,Bockstael,E. Bockstaellaan,1020,Brussel,1.0,0.0,0.0,0.0,0.0,0.0,1.0,1.0,1.0,0.0,0.0,0.0,1.0,1.0,0.0,0.0,0.0,,,,,,,,,,,,,,
8821634,Boechout,F. Segersstraat,2530,Boechout,1.0,0.0,1.0,0.0,0.0,0.0,1.0,0.0,0.0,0.0,0.0,0.0,0.0,0.0,0.0,0.0,0.0,,,,,,,,,,,,,,
8831781,Bokrijk,Bokrijklaan,3600,Genk,1.0,0.0,1.0,0.0,0.0,0.0,0.0,0.0,0.0,0.0,0.0,0.0,0.0,0.0,0.0,0.0,0.0,,,,,,,,,,,,,,
8864469,Bomal,Rue Fleurie 36,6941,Bomal,1.0,0.0,1.0,0.0,1.0,0.0,1.0,0.0,0.0,0.0,0.0,1.0,0.0,0.0,0.0,0.0,0.0,,,,,,,,,,,,,,
8821857,Booischot,Kleine Steenweg Zn.,2221,Booischot,1.0,0.0,1.0,0.0,0.0,0.0,0.0,0.0,0.0,0.0,0.0,2.0,0.0,0.0,0.0,0.0,0.0,,,,,,,,,,,,,,
8822814,Boom,Statiestraat,2850,Boom,1.0,0.0,1.0,0.0,1.0,0.0,1.0,0.0,0.0,0.0,1.0,1.0,0.0,0.0,0.0,0.0,0.0,,,,,,,,,,,,,,
8814456,Boondaal/Boondael,Woudlaan,1050,Brussel,1.0,0.0,0.0,0.0,0.0,0.0,1.0,1.0,0.0,0.0,0.0,0.0,1.0,0.0,0.0,0.0,0.0,,,,,,,,,,,,,,
8822475,Boortmeerbeek,Brouwersstraat 12,3190,Boortmeerbeek,0.0,0.0,1.0,0.0,0.0,0.0,0.0,0.0,0.0,0.0,0.0,0.0,0.0,0.0,0.0,0.0,0.0,,,,,,,,,,,,,,
8811163,Bordet,Jules Bordetlaan,1140,Brussel,1.0,0.0,0.0,0.0,0.0,0.0,1.0,1.0,0.0,0.0,0.0,0.0,1.0,0.0,0.0,0.0,0.0,,,,,,,,,,,,,,
8822772,Bornem,Stationsplein 1,2880,Bornem,1.0,0.0,1.0,0.0,1.0,0.0,1.0,0.0,0.0,0.0,0.0,5.0,1.0,0.0,0.0,0.0,0.0,,,,,,,,,,,,,,
8811437,Bosvoorde/Boitsfort,Terhulpsesteenweg 195,1170,Bosvoorde,0.0,0.0,0.0,0.0,0.0,0.0,1.0,1.0,0.0,0.0,0.0,0.0,0.0,0.0,0.0,0.0,0.0,,,,,,,,,,,,,,
8774179,Bourg-Saint-Maurice,,,,,,,,,,,,,,,,,,,,,,,,,,,,,,,,,,
8884319,Boussu,Rue Rogier 9,7300,Boussu,1.0,0.0,1.0,0.0,0.0,0.0,0.0,0.0,0.0,0.0,0.0,0.0,0.0,0.0,0.0,0.0,0.0,,,,,,,,,,,,,,
8821725,Bouwel,Stationslei,2288,Grobbendonk,1.0,0.0,1.0,0.0,0.0,0.0,0.0,0.0,0.0,0.0,0.0,2.0,0.0,0.0,0.0,0.0,0.0,,,,,,,,,,,,,,
8881463,Bracquegnies,Rue V. Ergot,7110,Strepy-Bracquegnies,0.0,0.0,0.0,0.0,0.0,0.0,0.0,0.0,0.0,0.0,0.0,0.0,0.0,0.0,0.0,0.0,0.0,,,,,,,,,,,,,,
8814258,Braine-l'Alleud,Place De La Gare 1,1420,Braine L'Alleud,1.0,0.0,1.0,0.0,1.0,0.0,1.0,0.0,0.0,0.0,1.0,7.0,1.0,0.0,0.0,0.0,1.0,05:45,20:00,05:45,20:00,05:45,20:00,05:45,20:00,05:45,20:00,06:00,20:30,08:00,15:15
8883006,Braine-le-Comte,Place Rene Branquart,7090,Braine-Le-Comte,1.0,0.0,1.0,0.0,1.0,0.0,1.0,0.0,0.0,0.0,1.0,2.0,0.0,1.0,0.0,0.0,1.0,05:45,20:00,05:45,20:00,05:45,20:00,05:45,20:00,05:45,20:00,06:00,20:30,06:15,13:30
8400131,Breda,,,,,,,,,,,,,,,,,,,,,,,,,,,,,,,,,,
8843901,Bressoux,Rue De La LÈche 33,4020,Liege (bressoux),1.0,0.0,1.0,0.0,0.0,0.0,1.0,0.0,0.0,0.0,0.0,2.0,0.0,0.0,0.0,0.0,0.0,,,,,,,,,,,,,,
8886066,Brugelette,Avenue Gabrielle Petit,7940,Brugelette,1.0,0.0,1.0,0.0,0.0,0.0,0.0,0.0,0.0,0.0,0.0,0.0,0.0,0.0,0.0,0.0,0.0,,,,,,,,,,,,,,
8891009,Brugge,Stationsplein 5,8000,Brugge,1.0,1.0,1.0,1.0,1.0,1.0,1.0,0.0,0.0,1.0,1.0,4.0,1.0,1.0,1.0,1.0,1.0,05:45,21:30,05:45,21:30,05:45,21:30,05:45,21:30,05:45,21:30,06:00,21:30,06:00,21:30
8891033,Brugge-Sint-Pieters,Sint-Pietersstatiedreef,8000,Brugge,1.0,0.0,0.0,0.0,0.0,0.0,1.0,0.0,0.0,0.0,0.0,0.0,0.0,0.0,0.0,0.0,0.0,,,,,,,,,,,,,,
8813003,Brussel-Centraal/Bruxelles-Central,Europakruispunt 2,1000,Brussel,1.0,1.0,0.0,1.0,0.0,1.0,1.0,0.0,1.0,1.0,1.0,0.0,1.0,1.0,0.0,1.0,1.0,06:15,22:00,06:15,22:00,06:15,22:00,06:15,22:00,06:15,22:00,06:15,22:00,06:15,22:00
8813045,Brussel-Congres/Bruxelles-Congrès,Pachecolaan 25,1000,Brussel,1.0,0.0,0.0,0.0,0.0,0.0,1.0,0.0,0.0,0.0,0.0,0.0,1.0,1.0,0.0,0.0,0.0,,,,,,,,,,,,,,
8813037,Brussel-Kapellekerk/Bruxelles-Chapelle,Ursulinestraat,1000,Brussel,0.0,0.0,0.0,0.0,0.0,0.0,0.0,0.0,0.0,0.0,0.0,0.0,1.0,0.0,0.0,0.0,0.0,,,,,,,,,,,,,,
8811304,Brussel-Luxemburg/Bruxelles-Luxembourg,Trierstraat,1050,Brussel,1.0,1.0,0.0,1.0,1.0,1.0,1.0,0.0,0.0,1.0,1.0,0.0,1.0,1.0,0.0,1.0,1.0,06:15,20:00,06:15,20:00,06:15,20:00,06:15,20:00,06:15,20:00,06:15,20:30,06:15,20:30
8812005,Brussel-Noord/Bruxelles-Nord,Vooruitgangstraat 76,1030,Brussel,1.0,0.0,1.0,1.0,1.0,1.0,1.0,1.0,0.0,1.0,1.0,0.0,1.0,1.0,0.0,1.0,1.0,06:15,22:00,06:15,22:00,06:15,22:00,06:15,22:00,06:15,22:00,06:15,22:00,06:15,22:00
8811916,Brussel-Schuman/Bruxelles-Schuman,Wetstraat,1040,Brussel,1.0,0.0,0.0,1.0,0.0,0.0,1.0,0.0,1.0,0.0,0.0,0.0,1.0,1.0,0.0,0.0,1.0,06:15,20:00,06:15,20:00,06:15,20:00,06:15,20:00,06:15,20:00,,,,
8815040,Brussel-West/Bruxelles-Ouest,Ninoofsesteenweg,1080,Sint-Jans-Molenbeek,1.0,0.0,0.0,0.0,0.0,0.0,1.0,1.0,1.0,0.0,0.0,0.0,1.0,1.0,0.0,1.0,0.0,,,,,,,,,,,,,,
8814001,Brussel-Zuid/Bruxelles-Midi,Fonsnylaan 47b,1060,Brussel,1.0,1.0,1.0,1.0,1.0,1.0,1.0,1.0,1.0,1.0,1.0,0.0,1.0,1.0,1.0,1.0,1.0,06:15,22:00,06:15,22:00,06:15,22:00,06:15,22:00,06:15,22:00,06:15,22:00,06:15,22:00
8819406,Brussels Airport - Zaventem,Luchthaven-Brussel-Nationaal,1930,Zaventem,1.0,0.0,0.0,1.0,0.0,0.0,1.0,0.0,0.0,1.0,1.0,2.0,1.0,1.0,1.0,1.0,1.0,06:15,22:45,06:15,22:45,06:15,22:45,06:15,22:45,06:15,22:45,06:15,22:45,06:15,22:45
8811148,Buda,Diegemstraat,1800,Vilvoorde,1.0,0.0,0.0,0.0,0.0,0.0,0.0,0.0,0.0,0.0,0.0,0.0,1.0,0.0,0.0,0.0,0.0,,,,,,,,,,,,,,
8822145,Buggenhout,Kerkstraat 42,9255,Buggenhout,1.0,0.0,1.0,0.0,1.0,0.0,1.0,0.0,0.0,0.0,0.0,5.0,0.0,0.0,0.0,0.0,0.0,,,,,,,,,,,,,,
8814340,Buizingen,Palieterweidestraat,1501,Buizingen-Halle,1.0,0.0,1.0,0.0,0.0,0.0,0.0,0.0,0.0,0.0,0.0,0.0,1.0,0.0,0.0,0.0,0.0,,,,,,,,,,,,,,
8895455,Burst,Stationsplein 1,9420,Erpe-Mere,1.0,0.0,1.0,0.0,1.0,0.0,1.0,0.0,0.0,0.0,0.0,4.0,0.0,0.0,0.0,0.0,0.0,,,,,,,,,,,,,,
8778100,Béziers,,,,,,,,,,,,,,,,,,,,,,,,,,,,,,,,,,
8884889,Callenelle,Rue De Flines,7604,Callenelle,0.0,0.0,0.0,0.0,0.0,0.0,0.0,0.0,0.0,0.0,0.0,0.0,0.0,0.0,0.0,0.0,0.0,,,,,,,,,,,,,,
8886074,Cambron-Casteau,Rue Notre-Dame,7940,Cambron-Casteau,0.0,0.0,0.0,0.0,0.0,0.0,0.0,0.0,0.0,0.0,0.0,0.0,0.0,0.0,0.0,0.0,0.0,,,,,,,,,,,,,,
8775762,Cannes,,,,,,,,,,,,,,,,,,,,,,,,,,,,,,,,,,
8200518,Capellen,,,,,,,,,,,,,,,,,,,,,,,,,,,,,,,,,,
8865565,Carlsbourg,Rue R. Hanchir,6850,Carlsbourg,0.0,0.0,0.0,0.0,0.0,0.0,0.0,0.0,0.0,0.0,0.0,0.0,0.0,0.0,0.0,0.0,0.0,,,,,,,,,,,,,,
8882248,Carnieres,,,,,,,,,,,,,,,,,,,,,,,,,,,,,,,,,,
8811817,Ceroux-Mousty,Rue Du Monument,1341,Céroux-Mousty,1.0,0.0,0.0,0.0,0.0,0.0,0.0,0.0,0.0,0.0,0.0,0.0,0.0,0.0,0.0,0.0,0.0,,,,,,,,,,,,,,
8774100,Chambéry-Challes-les-Eaux,,,,,,,,,,,,,,,,,,,,,,,,,,,,,,,,,,
8861317,Chapelle-Dieu,Rue De Mazy,5030,Gembloux,1.0,0.0,0.0,0.0,0.0,0.0,0.0,0.0,0.0,0.0,0.0,0.0,0.0,0.0,0.0,0.0,0.0,,,,,,,,,,,,,,
8864824,Chapois,Grand - Route,CHAP,Is,1.0,0.0,1.0,0.0,0.0,0.0,1.0,0.0,0.0,0.0,0.0,0.0,0.0,0.0,0.0,0.0,0.0,,,,,,,,,,,,,,
8872066,Charleroi-Ouest,Place De L'Ouest,6000,Charleroi,1.0,0.0,1.0,0.0,0.0,0.0,0.0,0.0,1.0,0.0,0.0,0.0,0.0,0.0,0.0,0.0,0.0,,,,,,,,,,,,,,
8872009,Charleroi-Sud,Square Des Martyrs Du 18 AoÛt,6000,Charleroi,1.0,1.0,1.0,1.0,1.0,0.0,1.0,0.0,1.0,1.0,1.0,4.0,1.0,1.0,0.0,0.0,1.0,05:45,20:30,05:45,20:30,05:45,20:30,05:45,20:30,05:45,20:30,06:00,20:30,06:00,20:30
8861523,Chastre,Rue G. Delvaux 1,1450,Chastre,0.0,0.0,1.0,0.0,0.0,0.0,1.0,0.0,0.0,0.0,0.0,0.0,0.0,0.0,0.0,0.0,0.0,,,,,,,,,,,,,,
8842051,Chaudfontaine,Esplanade,4050,Chaudfontaine,1.0,0.0,0.0,0.0,0.0,0.0,0.0,0.0,0.0,0.0,0.0,0.0,0.0,0.0,0.0,0.0,0.0,,,,,,,,,,,,,,
8863438,Château-de-Seilles,Rue Hendschel,5300,Seilles,0.0,0.0,1.0,0.0,0.0,0.0,0.0,0.0,0.0,0.0,0.0,0.0,0.0,0.0,0.0,0.0,0.0,,,,,,,,,,,,,,
8874005,Châtelet,Place De La Station 1,6200,Chatelet,1.0,0.0,1.0,0.0,1.0,0.0,1.0,0.0,0.0,0.0,0.0,4.0,1.0,0.0,0.0,0.0,1.0,06:15,13:30,06:15,13:30,06:15,13:30,06:15,13:30,06:15,13:30,,,,
8842036,Chênée,Rue De La Station,4032,Chenee,1.0,0.0,0.0,0.0,0.0,0.0,0.0,0.0,0.0,0.0,0.0,0.0,1.0,0.0,0.0,0.0,0.0,,,,,,,,,,,,,,
8864501,Ciney,Place E. Vandervelde,5590,Ciney,1.0,0.0,1.0,1.0,1.0,0.0,1.0,0.0,0.0,1.0,1.0,6.0,0.0,1.0,0.0,0.0,1.0,06:00,13:15,06:00,13:15,06:00,13:15,06:00,13:15,06:00,13:15,08:00,15:15,08:00,15:15
8200134,Clervaux,,,,,,,,,,,,,,,,,,,,,,,,,,,,,,,,,,
8718201,Colmar,,,,,,,,,,,,,,,,,,,,,,,,,,,,,,,,,,
8842838,Comblain-la-Tour,Place De La Gare 1,4180,Comblain La Tour,1.0,0.0,1.0,0.0,0.0,0.0,1.0,0.0,0.0,0.0,0.0,0.0,0.0,0.0,0.0,0.0,0.0,,,,,,,,,,,,,,
8896412,Comines,Rue Du Chemin De Fer,7780,Komen,1.0,0.0,1.0,0.0,0.0,0.0,1.0,0.0,0.0,0.0,0.0,4.0,0.0,0.0,0.0,0.0,0.0,,,,,,,,,,,,,,
8845229,Coo,Avenue Pierre Clerdent 18,4970,Stavelot,0.0,0.0,1.0,0.0,0.0,0.0,0.0,0.0,0.0,0.0,0.0,0.0,0.0,0.0,0.0,0.0,0.0,,,,,,,,,,,,,,
8874054,Couillet,Rue De La Gare,6010,Couillet,1.0,0.0,0.0,0.0,0.0,0.0,1.0,0.0,0.0,0.0,0.0,0.0,1.0,0.0,0.0,0.0,0.0,,,,,,,,,,,,,,
8873379,Cour-sur-Heure,Rue De La Station,6120,Ham-Sur-Heure-Nalinnes,1.0,0.0,0.0,0.0,0.0,0.0,0.0,0.0,0.0,0.0,0.0,0.0,0.0,0.0,0.0,0.0,0.0,,,,,,,,,,,,,,
8871225,Courcelles-Motte,Rue Churchill 390,6180,Courcelles,1.0,0.0,1.0,0.0,0.0,0.0,0.0,0.0,0.0,0.0,0.0,0.0,1.0,0.0,0.0,0.0,0.0,,,,,,,,,,,,,,
8864949,Courrière,Rue Du Fays,5336,CourriÈre,1.0,0.0,1.0,0.0,0.0,0.0,1.0,0.0,0.0,0.0,0.0,0.0,0.0,0.0,0.0,0.0,0.0,,,,,,,,,,,,,,
8811825,Court-Saint-Étienne,Rue Emile Henricot 1,1490,Court-Saint-Etienne,1.0,0.0,1.0,0.0,0.0,0.0,1.0,0.0,0.0,0.0,0.0,0.0,0.0,0.0,0.0,0.0,0.0,,,,,,,,,,,,,,
8875127,Couvin,Route Charlemagne 5,5660,Couvin,1.0,0.0,1.0,0.0,1.0,0.0,1.0,0.0,0.0,0.0,0.0,0.0,0.0,0.0,0.0,0.0,0.0,,,,,,,,,,,,,,
8728671,Croix Wasquehal,,,,,,,,,,,,,,,,,,,,,,,,,,,,,,,,,,
8728105,Croix l'Allumette,,,,,,,,,,,,,,,,,,,,,,,,,,,,,,,,,,
8863362,Dave-Saint-Martin,Rue Saint Martin,5100,Dave,1.0,0.0,0.0,0.0,0.0,0.0,0.0,0.0,0.0,0.0,0.0,0.0,0.0,0.0,0.0,0.0,0.0,,,,,,,,,,,,,,
8814175,De Hoek,Gehuchtstraat,1640,Sint-Genesius-Rode,0.0,0.0,0.0,0.0,0.0,0.0,0.0,0.0,0.0,0.0,0.0,0.0,0.0,0.0,0.0,0.0,0.0,,,,,,,,,,,,,,
8892338,De Panne,Stationsplein 9,8660,De Panne,1.0,0.0,1.0,0.0,1.0,0.0,1.0,1.0,0.0,0.0,1.0,1.0,0.0,0.0,0.0,0.0,1.0,11:15,18:30,11:15,18:30,11:15,18:30,11:15,18:30,11:15,18:30,11:15,18:30,11:15,18:30
8892080,De Pinte,Stationsstraat 25,9840,De Pinte,1.0,0.0,1.0,0.0,1.0,0.0,0.0,0.0,0.0,0.0,1.0,2.0,0.0,0.0,0.0,0.0,1.0,06:00,13:15,06:00,13:15,06:00,13:15,06:00,13:15,06:00,13:15,,,,
8892106,Deinze,Statieplein 4,9800,Deinze,1.0,0.0,1.0,0.0,1.0,1.0,1.0,0.0,0.0,1.0,1.0,2.0,0.0,1.0,0.0,1.0,1.0,06:15,13:30,06:15,13:30,06:15,13:30,06:15,13:30,06:15,13:30,07:00,14:15,,
8811205,Delta,Brug Van De Invalidenlaan,1160,Brussel,1.0,0.0,0.0,0.0,0.0,0.0,1.0,0.0,1.0,0.0,0.0,0.0,1.0,1.0,0.0,0.0,0.0,,,,,,,,,,,,,,
8400280,Den Haag HS,,,,,,,,,,,,,,,,,,,,,,,,,,,,,,,,,,
8895802,Denderleeuw,Stationsplein,9470,Denderleeuw,1.0,0.0,1.0,0.0,1.0,0.0,1.0,0.0,0.0,1.0,1.0,2.0,0.0,1.0,0.0,0.0,1.0,05:45,20:00,05:45,20:00,05:45,20:00,05:45,20:00,05:45,20:00,06:00,20:00,06:00,20:00
8893401,Dendermonde,Statieplein,9200,Dendermonde,1.0,0.0,1.0,0.0,1.0,1.0,1.0,0.0,0.0,1.0,1.0,8.0,1.0,0.0,0.0,0.0,1.0,05:45,20:00,05:45,20:00,05:45,20:00,05:45,20:00,05:45,20:00,06:00,20:00,06:00,20:00
8811213,Diegem,Stationsstraat Zn,1831,Diegem,1.0,0.0,1.0,0.0,0.0,0.0,1.0,0.0,0.0,0.0,0.0,0.0,1.0,0.0,0.0,0.0,0.0,,,,,,,,,,,,,,
8831112,Diepenbeek,Stationsstraat,3590,Diepenbeek,1.0,0.0,1.0,0.0,0.0,0.0,0.0,0.0,0.0,0.0,0.0,0.0,0.0,0.0,0.0,0.0,0.0,,,,,,,,,,,,,,
8814464,Diesdelle/Vivier d'Oie,Rue Laterale,1180,Uccle,1.0,0.0,0.0,0.0,0.0,0.0,0.0,0.0,0.0,0.0,0.0,0.0,1.0,0.0,0.0,0.0,0.0,,,,,,,,,,,,,,
8831401,Diest,Stationsplein 1,3290,Diest,1.0,0.0,1.0,0.0,1.0,1.0,1.0,0.0,0.0,1.0,1.0,3.0,0.0,0.0,0.0,0.0,1.0,06:15,13:30,06:15,13:30,06:15,13:30,06:15,13:30,06:15,13:30,07:00,14:15,07:00,14:15
8892452,Diksmuide,Bortierlaan,8600,Diksmuide,1.0,0.0,1.0,0.0,1.0,0.0,1.0,0.0,0.0,0.0,1.0,3.0,0.0,0.0,0.0,0.0,1.0,06:00,13:15,06:00,13:15,06:00,13:15,06:00,13:15,06:00,13:15,,,,
8812237,Dilbeek,Stationsstraat,1700,Dilbeek,1.0,0.0,1.0,0.0,1.0,0.0,1.0,0.0,0.0,0.0,0.0,1.0,1.0,0.0,0.0,0.0,0.0,,,,,,,,,,,,,,
8863503,Dinant,Avenue Franchet d'Esperey 1,5500,Dinant,1.0,0.0,1.0,1.0,1.0,0.0,1.0,0.0,0.0,1.0,1.0,3.0,0.0,0.0,0.0,1.0,1.0,05:45,13:00,05:45,13:00,05:45,13:00,05:45,13:00,05:45,13:00,08:00,15:15,,
8844545,Dolhain-Gileppe,Thier De Villers,4831,Bilstain,1.0,0.0,1.0,0.0,0.0,0.0,0.0,0.0,0.0,0.0,0.0,0.0,0.0,0.0,0.0,0.0,0.0,,,,,,,,,,,,,,
8200101,Dommeldange,,,,,,,,,,,,,,,,,,,,,,,,,,,,,,,,,,
8400180,Dordrecht,,,,,,,,,,,,,,,,,,,,,,,,,,,,,,,,,,
8010053,Dortmund Hbf,,,,,,,,,,,,,,,,,,,,,,,,,,,,,,,,,,
8200133,Drauffelt,,,,,,,,,,,,,,,,,,,,,,,,,,,,,,,,,,
8892031,Drongen,Drongenstationstraat 69,9031,Gent,1.0,0.0,1.0,0.0,0.0,0.0,0.0,0.0,0.0,0.0,0.0,0.0,0.0,0.0,0.0,0.0,0.0,,,,,,,,,,,,,,
8015653,Duesseldorf Flughafen (DE),,,,,,,,,,,,,,,,,,,,,,,,,,,,,,,,,,
8008094,Duesseldorf Hbf,,,,,,,,,,,,,,,,,,,,,,,,,,,,,,,,,,
8822210,Duffel,Stationsstraat 40 B,2570,Duffel,1.0,0.0,1.0,0.0,1.0,0.0,1.0,0.0,0.0,0.0,0.0,2.0,1.0,0.0,0.0,0.0,0.0,,,,,,,,,,,,,,
8891652,Duinbergen,Duinbergenlaan,8301,Duinbergen,0.0,0.0,1.0,0.0,0.0,0.0,0.0,0.0,0.0,0.0,0.0,0.0,0.0,0.0,0.0,0.0,0.0,,,,,,,,,,,,,,
8010316,Duisburg Hbf,,,,,,,,,,,,,,,,,,,,,,,,,,,,,,,,,,
8039904,Düsseldorf Flughafen Hbf,,,,,,,,,,,,,,,,,,,,,,,,,,,,,,,,,,
7015440,Ebbsfleet International,,,,,,,,,,,,,,,,,,,,,,,,,,,,,,,,,,
8895877,Ede,Huytstraat 6,9450,Haaltert,1.0,0.0,1.0,0.0,1.0,0.0,1.0,0.0,0.0,0.0,0.0,2.0,1.0,0.0,0.0,0.0,0.0,,,,,,,,,,,,,,
8893708,Eeklo,Koningin Astridplein 1,9900,Eeklo,1.0,0.0,0.0,0.0,1.0,1.0,1.0,0.0,0.0,0.0,1.0,0.0,0.0,0.0,0.0,0.0,1.0,06:00,13:15,06:00,13:15,06:00,13:15,06:00,13:15,06:00,13:15,,,,
8895752,Eichem,Rietstraat,9400,Ninove,1.0,0.0,0.0,0.0,0.0,0.0,0.0,0.0,0.0,0.0,0.0,0.0,0.0,0.0,0.0,0.0,0.0,,,,,,,,,,,,,,
8400219,Eijsden,,,,,,,,,,,,,,,,,,,,,,,,,,,,,,,,,,
8892627,Eine,Misweg,9700,Eine,0.0,0.0,1.0,0.0,0.0,0.0,0.0,0.0,0.0,0.0,0.0,0.0,0.0,0.0,0.0,0.0,0.0,,,,,,,,,,,,,,
8892650,Eke-Nazareth,Stationsstraat,9810,Eke - Nazareth,1.0,0.0,1.0,0.0,0.0,0.0,1.0,0.0,0.0,0.0,0.0,0.0,0.0,0.0,0.0,0.0,0.0,,,,,,,,,,,,,,
8821071,Ekeren,Statiestraat,2180,Antwerpen (ekeren),0.0,0.0,1.0,0.0,0.0,0.0,0.0,0.0,0.0,0.0,0.0,2.0,1.0,0.0,0.0,0.0,0.0,,,,,,,,,,,,,,
8883311,Enghien,Rue De La Station,7850,Enghien,1.0,0.0,1.0,0.0,1.0,0.0,1.0,0.0,0.0,0.0,1.0,5.0,0.0,0.0,0.0,0.0,1.0,05:45,20:00,05:45,20:00,05:45,20:00,05:45,20:00,05:45,20:00,06:45,14:00,06:45,14:00
8843240,Engis,Place Des Déportés Et Réfractaires 42,4480,Engis,0.0,0.0,1.0,0.0,0.0,0.0,0.0,0.0,0.0,0.0,0.0,0.0,0.0,0.0,0.0,0.0,0.0,,,,,,,,,,,,,,
8822269,Eppegem,Brusselsesteenweg,1980,Eppegem,1.0,0.0,1.0,0.0,0.0,0.0,1.0,0.0,0.0,0.0,0.0,2.0,1.0,0.0,0.0,0.0,0.0,,,,,,,,,,,,,,
8881158,Erbisœul,Chemin Du Prince,7050,Erbisoeul,1.0,0.0,0.0,0.0,0.0,0.0,0.0,0.0,0.0,0.0,0.0,0.0,0.0,0.0,0.0,0.0,0.0,,,,,,,,,,,,,,
8895091,Erembodegem,C. Walgraefplein,9320,Erembodegem,1.0,0.0,0.0,0.0,1.0,0.0,0.0,0.0,0.0,0.0,0.0,0.0,0.0,0.0,0.0,0.0,0.0,,,,,,,,,,,,,,
8861515,Ernage,Rue De La 1Ère Division Marocaine,5030,Gembloux,1.0,0.0,0.0,0.0,0.0,0.0,1.0,0.0,0.0,0.0,0.0,0.0,0.0,0.0,0.0,0.0,0.0,,,,,,,,,,,,,,
8895471,Erpe-Mere,Oudenaardsesteenweg,9420,Erpe-Mere,0.0,0.0,0.0,0.0,0.0,0.0,0.0,0.0,0.0,0.0,0.0,0.0,0.0,0.0,0.0,0.0,0.0,,,,,,,,,,,,,,
8811262,Erps-Kwerps,Kouterstraat Zn,3071,Erps-Kwerps,1.0,0.0,1.0,0.0,0.0,0.0,0.0,0.0,0.0,0.0,0.0,0.0,1.0,0.0,0.0,0.0,0.0,,,,,,,,,,,,,,
8871605,Erquelinnes,Rue Albert I 233,6560,Erquelinnes,1.0,0.0,1.0,0.0,0.0,0.0,1.0,0.0,0.0,0.0,0.0,1.0,0.0,0.0,0.0,0.0,0.0,,,,,,,,,,,,,,
8879004,Erquelinnes-Frontière,,,,,,,,,,,,,,,,,,,,,,,,,,,,,,,,,,
8871647,Erquelinnes-Village,Rue Du 11 Novembre - Rue De La Sambre,6560,Erquelinnes,1.0,0.0,0.0,0.0,0.0,0.0,1.0,0.0,0.0,0.0,0.0,0.0,0.0,0.0,0.0,0.0,0.0,,,,,,,,,,,,,,
8842663,Esneux,Avenue De La Station 64,4130,Esneux,1.0,0.0,1.0,0.0,0.0,0.0,1.0,0.0,0.0,0.0,0.0,0.0,0.0,0.0,0.0,0.0,0.0,,,,,,,,,,,,,,
8821402,Essen,Spoorwegstraat 2,2910,Essen,1.0,0.0,1.0,0.0,1.0,0.0,1.0,0.0,0.0,0.0,1.0,3.0,1.0,0.0,0.0,0.0,1.0,06:15,13:30,06:15,13:30,06:15,13:30,06:15,13:30,06:15,13:30,07:15,14:30,07:15,14:30
8010184,Essen Hbf,,,,,,,,,,,,,,,,,,,,,,,,,,,,,,,,,,
8829009,Essen-Grens,,,,,,,,,,,,,,,,,,,,,,,,,,,,,,,,,,
8812260,Essene-Lombeek,Sluisvijverstraat,1742,Ternat,1.0,0.0,1.0,0.0,0.0,0.0,0.0,0.0,0.0,0.0,0.0,0.0,1.0,0.0,0.0,0.0,0.0,,,,,,,,,,,,,,
8200120,Ettelbréck,,,,,,,,,,,,,,,,,,,,,,,,,,,,,,,,,,
8811411,Etterbeek,Generaal Jacqueslaan 263f,1050,Elsene,1.0,0.0,1.0,0.0,1.0,0.0,1.0,1.0,0.0,0.0,0.0,0.0,1.0,0.0,0.0,0.0,1.0,06:15,20:15,06:15,20:15,06:15,20:15,06:15,20:15,06:15,20:15,,,,
8844628,Eupen,Bahnhofstrasse 2,4700,Eupen,1.0,0.0,1.0,0.0,1.0,0.0,1.0,0.0,0.0,0.0,1.0,1.0,0.0,0.0,0.0,0.0,1.0,07:00,14:15,07:00,14:15,07:00,14:15,07:00,14:15,07:00,14:15,07:00,14:15,07:00,14:15
8811106,Evere,Kurth Godefroidstraat,1140,Brussel,1.0,0.0,0.0,0.0,0.0,0.0,1.0,0.0,0.0,0.0,0.0,0.0,1.0,0.0,0.0,0.0,0.0,,,,,,,,,,,,,,
8893252,Evergem,Stationsplein,9940,Evergem,1.0,0.0,0.0,0.0,0.0,0.0,0.0,0.0,0.0,0.0,0.0,1.0,1.0,0.0,0.0,0.0,0.0,,,,,,,,,,,,,,
8833449,Ezemaal,Kraanbeekstraat Zn.,3400,Ezemaal,1.0,0.0,1.0,0.0,0.0,0.0,1.0,0.0,0.0,0.0,0.0,0.0,0.0,0.0,0.0,0.0,0.0,,,,,,,,,,,,,,
8883238,Familleureux,Place De La Station,7181,Familleureux,1.0,0.0,0.0,0.0,0.0,0.0,0.0,0.0,0.0,0.0,0.0,0.0,0.0,0.0,0.0,0.0,0.0,,,,,,,,,,,,,,
8874567,Farciennes,Rue Joseph Bolle / Rue De La Station,6240,Farciennes,1.0,0.0,0.0,0.0,0.0,0.0,1.0,0.0,0.0,0.0,0.0,0.0,0.0,0.0,0.0,0.0,0.0,,,,,,,,,,,,,,
8872611,Faux,Rue Basse,1490,Court-Saint-Etienne,1.0,0.0,1.0,0.0,0.0,0.0,0.0,0.0,0.0,0.0,0.0,0.0,0.0,0.0,0.0,0.0,0.0,,,,,,,,,,,,,,
8841467,Fexhe-le-Haut-Clocher,Rue De La Station 105,4347,Fexhe-Le-Haut-Clocher,1.0,0.0,1.0,0.0,0.0,0.0,0.0,0.0,0.0,0.0,0.0,0.0,0.0,0.0,0.0,0.0,0.0,,,,,,,,,,,,,,
8861127,Flawinne,Rue F. Marchand,5020,Flawinne,1.0,0.0,1.0,0.0,0.0,0.0,0.0,0.0,0.0,0.0,0.0,0.0,0.0,0.0,0.0,0.0,0.0,,,,,,,,,,,,,,
8843166,Flemalle-Grande,Rue De Flémalle,4400,Flemalle,0.0,0.0,0.0,0.0,0.0,0.0,0.0,0.0,0.0,0.0,0.0,0.0,0.0,0.0,0.0,0.0,0.0,,,,,,,,,,,,,,
8843208,Flemalle-Haute,Place De La Gare 2,4400,Flemalle,1.0,0.0,1.0,0.0,0.0,0.0,1.0,0.0,0.0,0.0,1.0,0.0,0.0,0.0,0.0,0.0,0.0,,,,,,,,,,,,,,
8872413,Fleurus,Avenue De La Gare,6220,Fleurus,1.0,0.0,1.0,0.0,0.0,0.0,1.0,0.0,0.0,0.0,1.0,0.0,0.0,0.0,0.0,0.0,0.0,,,,,,,,,,,,,,
8861135,Floreffe,Rue Celestin Hastir 105,5150,Floreffe,1.0,0.0,1.0,0.0,0.0,0.0,1.0,0.0,0.0,0.0,0.0,0.0,0.0,0.0,0.0,0.0,0.0,,,,,,,,,,,,,,
8866845,Florenville,,,,1.0,0.0,1.0,0.0,1.0,0.0,1.0,0.0,0.0,0.0,0.0,0.0,0.0,0.0,0.0,0.0,0.0,,,,,,,,,,,,,,
8811767,Florival,Rue De Florival,1390,Grez Doiceau,0.0,0.0,1.0,0.0,0.0,0.0,0.0,0.0,0.0,0.0,0.0,0.0,1.0,0.0,0.0,0.0,0.0,,,,,,,,,,,,,,
8864923,Florée,Rue Des Grands Champs,5334,Florée,0.0,0.0,0.0,0.0,0.0,0.0,0.0,0.0,0.0,0.0,0.0,0.0,0.0,0.0,0.0,0.0,0.0,,,,,,,,,,,,,,
8871688,Fontaine-Valmont,Rue De L'Eglise  //  Rue Albert 1°,6560,Erquelinnes,1.0,0.0,0.0,0.0,0.0,0.0,0.0,0.0,0.0,0.0,0.0,0.0,0.0,0.0,0.0,0.0,0.0,,,,,,,,,,,,,,
8871514,Forchies,Rue Des Prisonniers De Guerre,6141,Forchies,0.0,0.0,0.0,0.0,0.0,0.0,0.0,0.0,0.0,0.0,0.0,0.0,0.0,0.0,0.0,0.0,0.0,,,,,,,,,,,,,,
8864311,Forrières,Rue De France,6953,Forrieres (nassogne),1.0,0.0,0.0,0.0,0.0,0.0,1.0,0.0,0.0,0.0,0.0,0.0,0.0,0.0,0.0,0.0,0.0,,,,,,,,,,,,,,
8844255,Fraipont,Rue Du Village,4870,Trooz,1.0,0.0,0.0,0.0,0.0,0.0,0.0,0.0,0.0,0.0,0.0,0.0,1.0,0.0,0.0,0.0,0.0,,,,,,,,,,,,,,
8881570,Frameries,Rue De La Station 1,7080,Frameries,1.0,0.0,1.0,0.0,0.0,0.0,0.0,0.0,0.0,0.0,0.0,2.0,0.0,0.0,0.0,0.0,0.0,,,,,,,,,,,,,,
8844347,Franchimont,Rue Des Champs,4910,Theux,0.0,0.0,0.0,0.0,0.0,0.0,0.0,0.0,0.0,0.0,0.0,0.0,0.0,0.0,0.0,0.0,0.0,,,,,,,,,,,,,,
8861143,Franière,Place De La Gare 3,5150,Franiere,1.0,0.0,1.0,0.0,0.0,0.0,0.0,0.0,0.0,0.0,0.0,0.0,0.0,0.0,0.0,0.0,0.0,,,,,,,,,,,,,,
8061676,Frankfurt am Main Flughafen Fernbf,,,,,,,,,,,,,,,,,,,,,,,,,,,,,,,,,,
8011090,Frankfurt am Main Flughafen Reginalbf,,,,,,,,,,,,,,,,,,,,,,,,,,,,,,,,,,
8011068,Frankfurt am Main Hbf,,,,,,,,,,,,,,,,,,,,,,,,,,,,,,,,,,
8885068,Froyennes,Rue De La Gare,7503,Froyennes,1.0,0.0,1.0,0.0,0.0,0.0,0.0,0.0,0.0,0.0,0.0,0.0,0.0,0.0,0.0,0.0,0.0,,,,,,,,,,,,,,
8895620,Galmaarden,Stationsstraat 67,1570,Galmaarden,1.0,0.0,1.0,0.0,1.0,0.0,0.0,0.0,0.0,0.0,0.0,3.0,1.0,0.0,0.0,0.0,0.0,,,,,,,,,,,,,,
8811742,Gastuche,Place J. Hallaux,1390,Grez Doiceau,1.0,0.0,1.0,0.0,0.0,0.0,1.0,0.0,0.0,0.0,0.0,0.0,1.0,0.0,0.0,0.0,0.0,,,,,,,,,,,,,,
8892643,Gavere-Asper,P. Heysestraat 1,9890,Gavere,1.0,0.0,1.0,0.0,0.0,0.0,0.0,0.0,0.0,0.0,0.0,0.0,0.0,0.0,0.0,0.0,0.0,,,,,,,,,,,,,,
8865649,Gedinne,Gedinne Station,5575,Gedinne,1.0,0.0,1.0,0.0,0.0,0.0,1.0,0.0,0.0,0.0,0.0,0.0,0.0,0.0,0.0,0.0,0.0,,,,,,,,,,,,,,
8832433,Geel,Stationsplein 43,2440,Geel,1.0,0.0,1.0,1.0,1.0,1.0,1.0,0.0,0.0,0.0,1.0,2.0,0.0,0.0,0.0,0.0,1.0,05:45,13:00,05:45,13:00,05:45,13:00,05:45,13:00,05:45,13:00,07:45,15:00,07:45,15:00
8861200,Gembloux,Avenue De La Station,5030,Gembloux,1.0,0.0,1.0,1.0,1.0,0.0,1.0,0.0,0.0,0.0,1.0,10.0,1.0,0.0,0.0,0.0,1.0,05:45,20:00,05:45,20:00,05:45,20:00,05:45,20:00,05:45,20:00,06:15,20:00,06:15,20:00
8863834,Gendron-Celles,Gare De Gendron-Celles,5561,Gendron-Celles,1.0,0.0,0.0,0.0,0.0,0.0,1.0,0.0,0.0,0.0,0.0,0.0,0.0,0.0,0.0,0.0,0.0,,,,,,,,,,,,,,
8831765,Genk,Europalaan 39,3600,Genk,1.0,0.0,1.0,1.0,1.0,1.0,1.0,0.0,0.0,0.0,1.0,3.0,0.0,1.0,0.0,1.0,1.0,06:00,13:15,06:00,13:15,06:00,13:15,06:00,13:15,06:00,13:15,06:45,14:00,,
8881562,Genly,Route De Bavay,7040,Genly,1.0,0.0,0.0,0.0,0.0,0.0,0.0,0.0,0.0,0.0,0.0,0.0,0.0,0.0,0.0,0.0,0.0,,,,,,,,,,,,,,
8893120,Gent-Dampoort,Oktrooiplein 10,9000,Gent,1.0,1.0,1.0,1.0,1.0,1.0,1.0,0.0,0.0,0.0,1.0,4.0,0.0,1.0,0.0,1.0,1.0,05:45,20:00,05:45,20:00,05:45,20:00,05:45,20:00,05:45,20:00,06:00,20:00,06:00,20:00
8892007,Gent-Sint-Pieters,Koningin Maria Hendrikaplein 1,9000,Gent,1.0,1.0,1.0,1.0,1.0,1.0,1.0,1.0,0.0,1.0,1.0,3.0,1.0,1.0,0.0,1.0,1.0,05:45,21:30,05:45,21:30,05:45,21:30,05:45,21:30,05:45,21:30,06:00,21:30,06:00,21:30
8893179,Gentbrugge,Rinskopflaan 55,9050,Gentbrugge,1.0,0.0,1.0,0.0,0.0,0.0,0.0,1.0,0.0,0.0,0.0,0.0,0.0,0.0,0.0,0.0,0.0,,,,,,,,,,,,,,
8811528,Genval,Rue De La Station,1332,Genval,1.0,0.0,1.0,0.0,1.0,0.0,1.0,0.0,0.0,0.0,0.0,2.0,0.0,0.0,0.0,0.0,1.0,06:15,13:30,06:15,13:30,06:15,13:30,06:15,13:30,06:15,13:30,,,,
8895505,Geraardsbergen,Stationsplein,9500,Geraardsbergen,1.0,0.0,1.0,0.0,1.0,1.0,1.0,0.0,0.0,0.0,1.0,2.0,1.0,0.0,0.0,0.0,1.0,06:15,13:30,06:15,13:30,06:15,13:30,06:15,13:30,06:15,13:30,07:00,14:15,07:00,14:15
8881125,Ghlin,Rue d'Herchies,7011,Ghlin,0.0,0.0,1.0,0.0,0.0,0.0,0.0,0.0,0.0,0.0,0.0,0.0,0.0,0.0,0.0,0.0,0.0,,,,,,,,,,,,,,
8841731,Glons,Rue De La Station,4690,Bassenge (glons),1.0,0.0,0.0,0.0,0.0,0.0,0.0,0.0,0.0,0.0,0.0,0.0,0.0,0.0,0.0,0.0,0.0,,,,,,,,,,,,,,
8871381,Godarville,Place De Gaulle,7160,Godarville,1.0,0.0,1.0,0.0,0.0,0.0,0.0,0.0,0.0,0.0,0.0,0.0,0.0,0.0,0.0,0.0,0.0,,,,,,,,,,,,,,
8863560,Godinne,Rue Grande 7,5530,Godinne,1.0,0.0,1.0,0.0,0.0,0.0,1.0,0.0,0.0,0.0,0.0,0.0,0.0,0.0,0.0,0.0,0.0,,,,,,,,,,,,,,
8200129,Goebelsmühle,,,,,,,,,,,,,,,,,,,,,,,,,,,,,,,,,,
8893047,Gontrode,Geraardsbergsesteenweg,9090,Gontrode - Melle,1.0,0.0,1.0,0.0,0.0,0.0,1.0,0.0,0.0,0.0,0.0,0.0,0.0,0.0,0.0,0.0,0.0,,,,,,,,,,,,,,
8845005,Gouvy,Rue De La Gare 31,6670,Gouvy,1.0,0.0,1.0,0.0,1.0,0.0,1.0,0.0,0.0,0.0,1.0,3.0,0.0,0.0,0.0,0.0,1.0,15:15,18:45,15:15,18:45,15:15,18:45,15:15,18:45,15:15,18:45,,,,
8849072,Gouvy-Frontiere,,,,,,,,,,,,,,,,,,,,,,,,,,,,,,,,,,
8871373,Gouy-lez-Pieton,Rue De La Station,6181,Gouy-Lez-Pieton,1.0,0.0,1.0,0.0,0.0,0.0,0.0,0.0,0.0,0.0,0.0,0.0,0.0,0.0,0.0,0.0,0.0,,,,,,,,,,,,,,
8865615,Graide,Rue De La Gare 1,5555,Graide,1.0,0.0,1.0,0.0,0.0,0.0,1.0,0.0,0.0,0.0,0.0,0.0,0.0,0.0,0.0,0.0,0.0,,,,,,,,,,,,,,
8811445,Groenendaal,Groenendaalsesteenweg,1560,Hoeilaart,1.0,0.0,1.0,0.0,0.0,0.0,1.0,0.0,0.0,0.0,0.0,2.0,1.0,0.0,0.0,0.0,0.0,,,,,,,,,,,,,,
8812229,Groot-Bijgaarden,Brusselstraat,1702,Groot-Bijgaarden - Dilbeek,1.0,0.0,1.0,0.0,0.0,0.0,0.0,1.0,0.0,0.0,0.0,0.0,1.0,0.0,0.0,0.0,0.0,,,,,,,,,,,,,,
8864337,Grupont,Rue Elisabeth,6927,Grupont,1.0,0.0,1.0,0.0,0.0,0.0,1.0,0.0,0.0,0.0,0.0,0.0,0.0,0.0,0.0,0.0,0.0,,,,,,,,,,,,,,
8822517,Haacht,Provinciesteenweg 22,3150,Haacht,1.0,0.0,1.0,0.0,1.0,0.0,1.0,0.0,0.0,0.0,1.0,2.0,0.0,0.0,0.0,0.0,0.0,,,,,,,,,,,,,,
8895869,Haaltert,Stationsstraat,9450,Haaltert,1.0,0.0,1.0,0.0,1.0,0.0,1.0,0.0,0.0,0.0,0.0,2.0,1.0,0.0,0.0,0.0,0.0,,,,,,,,,,,,,,
8866142,Habay,Rue Du Vivier,6720,Habay,0.0,0.0,1.0,0.0,0.0,0.0,1.0,0.0,0.0,0.0,0.0,0.0,0.0,0.0,0.0,0.0,0.0,,,,,,,,,,,,,,
8884327,Hainin,Rue De La Station,7350,Hainin,1.0,0.0,0.0,0.0,0.0,0.0,0.0,0.0,0.0,0.0,0.0,0.0,0.0,0.0,0.0,0.0,0.0,,,,,,,,,,,,,,
8866530,Halanzy,Place De La Gare 1,6792,Halanzy,1.0,0.0,1.0,0.0,0.0,0.0,0.0,0.0,0.0,0.0,0.0,3.0,0.0,0.0,0.0,0.0,0.0,,,,,,,,,,,,,,
8814308,Halle,Van Den Peereboomstraat,1500,Halle,1.0,0.0,1.0,0.0,1.0,1.0,1.0,0.0,0.0,1.0,1.0,2.0,0.0,1.0,0.0,1.0,1.0,06:15,20:00,06:15,20:00,06:15,20:00,06:15,20:00,06:15,20:00,08:15,15:30,10:15,17:30
8873387,Ham-sur-Heure,Chemin d'Hameau,6120,Ham-Sur-Heure-Nalinnes,0.0,0.0,1.0,0.0,0.0,0.0,0.0,0.0,0.0,0.0,0.0,0.0,0.0,0.0,0.0,0.0,0.0,,,,,,,,,,,,,,
8861168,Ham-sur-Sambre,Rue De La Gare,5190,Ham Sur Sambre,0.0,0.0,0.0,0.0,0.0,0.0,0.0,0.0,0.0,0.0,0.0,0.0,0.0,0.0,0.0,0.0,0.0,,,,,,,,,,,,,,
8822533,Hambos,Kapelleweg Zn.,3150,Tildonk-Hambos,0.0,0.0,1.0,0.0,0.0,0.0,0.0,0.0,0.0,0.0,0.0,0.0,0.0,0.0,0.0,0.0,0.0,,,,,,,,,,,,,,
8842846,Hamoir,Rue De La Station 16,4180,Hamoir,1.0,0.0,1.0,0.0,0.0,0.0,0.0,0.0,0.0,0.0,0.0,0.0,0.0,0.0,0.0,0.0,0.0,,,,,,,,,,,,,,
8832664,Hamont,Stationsplein,3930,Hamont,1.0,0.0,0.0,0.0,0.0,0.0,0.0,0.0,0.0,0.0,0.0,0.0,0.0,0.0,0.0,0.0,0.0,,,,,,,,,,,,,,
8891165,Hansbeke,Hansbekedorp,9850,Nevele,1.0,0.0,1.0,0.0,0.0,0.0,1.0,0.0,0.0,0.0,0.0,2.0,0.0,0.0,0.0,0.0,0.0,,,,,,,,,,,,,,
8884640,Harchies,Rue De Stambruges,7321,Harchies,1.0,0.0,0.0,0.0,0.0,0.0,0.0,0.0,0.0,0.0,0.0,0.0,0.0,0.0,0.0,0.0,0.0,,,,,,,,,,,,,,
8896115,Harelbeke,Stationsplein,8530,Harelbeke,1.0,0.0,1.0,0.0,1.0,0.0,1.0,0.0,0.0,0.0,0.0,4.0,0.0,1.0,0.0,0.0,1.0,06:00,13:15,06:00,13:15,06:00,13:15,06:00,13:15,06:00,13:15,,,,
8811155,Haren,Middelweg,1130,Haren,1.0,0.0,0.0,0.0,0.0,0.0,1.0,0.0,0.0,0.0,0.0,0.0,1.0,0.0,0.0,0.0,0.0,,,,,,,,,,,,,,
8811130,Haren-Sud/Haren-Zuid,Verdunstraat,1130,Brussel,1.0,0.0,0.0,0.0,0.0,0.0,1.0,0.0,0.0,0.0,0.0,0.0,1.0,0.0,0.0,0.0,0.0,,,,,,,,,,,,,,
8831005,Hasselt,Stationsplein 2 - 6,3500,Hasselt,1.0,0.0,1.0,1.0,1.0,1.0,1.0,0.0,0.0,1.0,1.0,3.0,0.0,1.0,0.0,0.0,1.0,05:45,20:00,05:45,20:00,05:45,20:00,05:45,20:00,05:45,20:00,06:00,20:00,06:00,20:00
8843349,Haute-Flône,Rue Malliene,4470,Saint-Georges-Sur-Meuse,0.0,0.0,0.0,0.0,0.0,0.0,0.0,0.0,0.0,0.0,0.0,0.0,0.0,0.0,0.0,0.0,0.0,,,,,,,,,,,,,,
8731388,Haute-Picardie TGV,,,,,,,,,,,,,,,,,,,,,,,,,,,,,,,,,,
8864832,Haversin,Place d'Odenas,5590,Haversin,1.0,0.0,1.0,0.0,0.0,0.0,0.0,0.0,0.0,0.0,0.0,0.0,0.0,0.0,0.0,0.0,0.0,,,,,,,,,,,,,,
8881430,Havre,Place De La Gare,7021,Havré,1.0,0.0,1.0,0.0,0.0,0.0,0.0,0.0,0.0,0.0,0.0,0.0,0.0,0.0,0.0,0.0,0.0,,,,,,,,,,,,,,
8821519,Heide,Heidestatieplein 2,2920,Heide,1.0,0.0,1.0,0.0,1.0,0.0,1.0,0.0,0.0,0.0,0.0,2.0,1.0,0.0,0.0,0.0,1.0,06:00,13:15,06:00,13:15,06:00,13:15,06:00,13:15,06:00,13:15,,,,
8891645,Heist,Stationsplein 1,8301,Knokke-Heist,1.0,0.0,1.0,0.0,1.0,0.0,1.0,0.0,0.0,0.0,0.0,2.0,1.0,0.0,0.0,0.0,0.0,07:15,14:40,07:15,14:40,07:15,14:40,07:15,14:40,07:15,14:40,07:15,14:40,07:15,14:40
8821832,Heist-op-den-Berg,Boudewijnlaan,2220,Heist-Op-Den-Berg,1.0,0.0,1.0,0.0,1.0,1.0,1.0,0.0,0.0,0.0,1.0,2.0,0.0,0.0,0.0,0.0,1.0,06:15,13:30,06:15,13:30,06:15,13:30,06:15,13:30,06:15,13:30,07:00,14:15,07:00,14:15
8812153,Heizijde,Klein Antwerpenstraat,9280,Heizijde,0.0,0.0,1.0,0.0,0.0,0.0,0.0,0.0,0.0,0.0,0.0,1.0,1.0,0.0,0.0,0.0,0.0,,,,,,,,,,,,,,
8728606,Hellemmes,,,,,,,,,,,,,,,,,,,,,,,,,,,,,,,,,,
8824224,Hemiksem,Statieplaats,2620,Hemiksem,1.0,0.0,1.0,0.0,0.0,0.0,1.0,0.0,0.0,0.0,0.0,1.0,0.0,0.0,0.0,0.0,0.0,,,,,,,,,,,,,,
8883022,Hennuyères,Chemin De La DÎme 12,7090,HennuyÈres,1.0,0.0,0.0,0.0,0.0,0.0,0.0,0.0,0.0,0.0,0.0,0.0,0.0,0.0,0.0,0.0,0.0,,,,,,,,,,,,,,
8811288,Herent,Mechelsesteenweg Zn,3020,Herent,1.0,0.0,1.0,0.0,0.0,0.0,1.0,0.0,0.0,0.0,0.0,2.0,1.0,0.0,0.0,0.0,0.0,,,,,,,,,,,,,,
8821717,Herentals,Stationsplein 1 Bus 1,2200,Herentals,1.0,0.0,1.0,0.0,1.0,1.0,1.0,0.0,0.0,0.0,1.0,2.0,0.0,0.0,0.0,0.0,1.0,05:45,20:00,05:45,20:00,05:45,20:00,05:45,20:00,05:45,20:00,06:00,20:00,07:45,15:00
8844644,Hergenrath,Bahnofstrasse,4728,Hergenrath,1.0,0.0,0.0,0.0,0.0,0.0,0.0,0.0,0.0,0.0,0.0,0.0,1.0,0.0,0.0,0.0,0.0,,,,,,,,,,,,,,
8849023,Hergenrath-Frontiere,,,,,,,,,,,,,,,,,,,,,,,,,,,,,,,,,,
8895646,Herne,Stationsstraat 115,1540,Herne,1.0,0.0,1.0,0.0,1.0,0.0,0.0,0.0,0.0,0.0,0.0,0.0,1.0,0.0,0.0,0.0,0.0,,,,,,,,,,,,,,
8885753,Herseaux,Rue Des Cheminots,7712,Herseaux,1.0,0.0,0.0,0.0,1.0,0.0,1.0,0.0,0.0,0.0,0.0,0.0,0.0,0.0,0.0,0.0,0.0,,,,,,,,,,,,,,
8841608,Herstal,Rue De La Station 1,4040,Herstal,1.0,0.0,1.0,0.0,0.0,0.0,0.0,0.0,0.0,0.0,0.0,0.0,0.0,0.0,0.0,0.0,0.0,,,,,,,,,,,,,,
8895430,Herzele,Stationsstraat 239,9550,Herzele,1.0,0.0,1.0,0.0,1.0,0.0,1.0,0.0,0.0,0.0,0.0,4.0,1.0,0.0,0.0,0.0,0.0,,,,,,,,,,,,,,
8832243,Heusden,Koerselsebaan,3550,Heusden-Zolder,1.0,0.0,1.0,0.0,0.0,0.0,0.0,0.0,0.0,0.0,0.0,1.0,0.0,0.0,0.0,0.0,0.0,,,,,,,,,,,,,,
8822459,Hever,Stationsstraat,3191,Hever,1.0,0.0,1.0,0.0,0.0,0.0,0.0,0.0,0.0,0.0,0.0,0.0,0.0,0.0,0.0,0.0,0.0,,,,,,,,,,,,,,
8833126,Heverlee,Naamsesteenweg Zn.,3001,Heverlee,1.0,0.0,1.0,0.0,0.0,0.0,1.0,0.0,0.0,0.0,0.0,1.0,0.0,0.0,0.0,0.0,0.0,,,,,,,,,,,,,,
8895422,Hillegem,Perrestraat,9550,Herzele,1.0,0.0,0.0,0.0,0.0,0.0,0.0,0.0,0.0,0.0,0.0,0.0,1.0,0.0,0.0,0.0,0.0,,,,,,,,,,,,,,
8824158,Hoboken-Polder,Berkenrodelei,2660,Antwerpen (hoboken),1.0,0.0,1.0,0.0,0.0,0.0,0.0,0.0,0.0,0.0,0.0,0.0,0.0,0.0,0.0,0.0,0.0,,,,,,,,,,,,,,
8811460,Hoeilaart,Charles Coppensstraat,1560,Hoeilaart,1.0,0.0,0.0,0.0,0.0,0.0,0.0,0.0,0.0,0.0,0.0,0.0,0.0,0.0,0.0,0.0,0.0,,,,,,,,,,,,,,
8822277,Hofstade,Tervuursesteenweg,1981,Hofstade,1.0,0.0,1.0,0.0,0.0,0.0,1.0,0.0,0.0,0.0,0.0,2.0,0.0,0.0,0.0,0.0,0.0,,,,,,,,,,,,,,
8814159,Holleken,Perkstraat,1630,Linkebeek,0.0,0.0,0.0,0.0,0.0,0.0,0.0,0.0,0.0,0.0,0.0,0.0,0.0,0.0,0.0,0.0,0.0,,,,,,,,,,,,,,
8842655,Hony,Rue Ferdinand Spineux 22,4130,Esneux,1.0,0.0,1.0,0.0,0.0,0.0,0.0,0.0,0.0,0.0,0.0,0.0,0.0,0.0,0.0,0.0,0.0,,,,,,,,,,,,,,
8886553,Houraing,Chemin De ChiÈvres,7860,Lessines,1.0,0.0,0.0,0.0,0.0,0.0,0.0,0.0,0.0,0.0,0.0,0.0,0.0,0.0,0.0,0.0,0.0,,,,,,,,,,,,,,
8871829,Hourpes,Chemin Du Halage,6540,Lobbes,1.0,0.0,0.0,0.0,0.0,0.0,0.0,0.0,0.0,0.0,0.0,0.0,0.0,0.0,0.0,0.0,0.0,,,,,,,,,,,,,,
8863842,Houyet,Rue De La Station,5560,Houyet,1.0,0.0,0.0,0.0,0.0,0.0,1.0,0.0,0.0,0.0,0.0,0.0,1.0,0.0,0.0,0.0,0.0,,,,,,,,,,,,,,
8821337,Hove,Kapelstraat 117,2540,Hove,1.0,0.0,1.0,0.0,0.0,0.0,1.0,0.0,0.0,0.0,0.0,1.0,1.0,0.0,0.0,0.0,0.0,,,,,,,,,,,,,,
8814415,Huizingen,Vaucampslaan,1654,Huizingen-Beersel,1.0,0.0,0.0,0.0,0.0,0.0,1.0,0.0,0.0,0.0,0.0,0.0,1.0,0.0,0.0,0.0,0.0,,,,,,,,,,,,,,
8843307,Huy,Place Zénobe Gramme 4,4500,Huy,1.0,0.0,1.0,1.0,1.0,0.0,1.0,0.0,0.0,0.0,1.0,1.0,0.0,0.0,0.0,0.0,1.0,05:45,20:00,05:45,20:00,05:45,20:00,05:45,20:00,05:45,20:00,07:45,15:00,07:45,15:00
8895844,Iddergem,Landuitstraat,9472,Iddergem - Denderleeuw,1.0,0.0,0.0,0.0,0.0,0.0,0.0,0.0,0.0,0.0,0.0,0.0,0.0,0.0,0.0,0.0,0.0,,,,,,,,,,,,,,
8895729,Idegem,Bareelstraat,9506,Idegem,1.0,0.0,0.0,0.0,0.0,0.0,0.0,0.0,0.0,0.0,0.0,0.0,1.0,0.0,0.0,0.0,0.0,,,,,,,,,,,,,,
8896503,Ieper,R. Colaertplein 35,8900,Ieper,1.0,0.0,1.0,0.0,1.0,1.0,1.0,0.0,0.0,0.0,1.0,2.0,0.0,0.0,0.0,0.0,1.0,06:00,13:15,06:00,13:15,06:00,13:15,06:00,13:15,06:00,13:15,07:00,14:15,,
8896925,Ingelmunster,Stationsplein 18,8770,Ingelmunster,1.0,0.0,1.0,0.0,1.0,0.0,1.0,0.0,0.0,0.0,0.0,5.0,0.0,0.0,0.0,0.0,0.0,,,,,,,,,,,,,,
8896909,Izegem,Stationsstraat 2a,8870,Izegem,1.0,0.0,0.0,0.0,1.0,0.0,1.0,0.0,0.0,0.0,1.0,6.0,0.0,0.0,0.0,0.0,1.0,06:00,13:15,06:00,13:15,06:00,13:15,06:00,13:15,06:00,13:15,07:00,14:15,07:00,14:15
8863115,Jambes,Place De La Gare Fleurie 1,5100,Jambes,1.0,0.0,1.0,0.0,1.0,0.0,1.0,0.0,0.0,0.0,1.0,3.0,1.0,0.0,0.0,0.0,1.0,05:45,13:00,05:45,13:00,05:45,13:00,05:45,13:00,05:45,13:00,,,,
8863354,Jambes-Est,Montagne Sainte-Barbe,5100,Jambes,0.0,0.0,1.0,0.0,0.0,0.0,1.0,0.0,0.0,0.0,0.0,0.0,0.0,0.0,0.0,0.0,0.0,,,,,,,,,,,,,,
8871175,Jamioulx,Rue d'Andremont,6120,Jamioulx,1.0,0.0,0.0,0.0,0.0,0.0,0.0,0.0,0.0,0.0,0.0,0.0,0.0,0.0,0.0,0.0,0.0,,,,,,,,,,,,,,
8884566,Jemappes,Place De Jericho 17,7012,Jemappes,1.0,0.0,0.0,0.0,0.0,0.0,0.0,0.0,0.0,0.0,0.0,0.0,0.0,0.0,0.0,0.0,0.0,,,,,,,,,,,,,,
8843158,Jemeppe-sur-Meuse,Rue Sualem R.,4101,Jemeppe-Sur-Meuse,0.0,0.0,0.0,0.0,0.0,0.0,0.0,0.0,0.0,0.0,0.0,0.0,0.0,0.0,0.0,0.0,0.0,,,,,,,,,,,,,,
8874724,Jemeppe-sur-Sambre,Place De La Station 1,5190,Jemeppe-Sur-Sambre,1.0,0.0,1.0,0.0,1.0,0.0,1.0,0.0,0.0,0.0,0.0,2.0,0.0,0.0,0.0,0.0,0.0,,,,,,,,,,,,,,
8812047,Jette,Kardinaal Mercierplein 22,1090,Jette,1.0,0.0,1.0,0.0,1.0,0.0,1.0,1.0,0.0,0.0,0.0,2.0,0.0,0.0,0.0,0.0,1.0,06:45,14:00,06:45,14:00,06:45,14:00,06:45,14:00,06:45,14:00,,,,
8881166,Jurbeke,Place De La Gare 9,7050,Jurbise,1.0,0.0,1.0,0.0,1.0,0.0,0.0,0.0,0.0,0.0,0.0,0.0,0.0,0.0,0.0,0.0,1.0,05:45,13:00,05:45,13:00,05:45,13:00,05:45,13:00,05:45,13:00,,,,
8844321,Juslenville,Rue De La Gare,4910,Theux,0.0,0.0,1.0,0.0,0.0,0.0,0.0,0.0,0.0,0.0,0.0,0.0,0.0,0.0,0.0,0.0,0.0,,,,,,,,,,,,,,
8821444,Kalmthout,Statieplein 2,2920,Kalmthout,1.0,0.0,1.0,0.0,1.0,0.0,0.0,0.0,0.0,0.0,0.0,2.0,1.0,0.0,0.0,0.0,0.0,,,,,,,,,,,,,,
8822053,Kapelle-op-den-Bos,Spoorwegstraat,1880,Kapelle-Op-Den-Bos,1.0,0.0,1.0,0.0,0.0,0.0,1.0,0.0,0.0,0.0,0.0,0.0,1.0,0.0,0.0,0.0,0.0,,,,,,,,,,,,,,
8821535,Kapellen,Stationstraat 62,2950,Kapellen,1.0,0.0,1.0,0.0,1.0,0.0,1.0,0.0,0.0,0.0,1.0,2.0,1.0,0.0,0.0,0.0,1.0,06:00,13:15,06:00,13:15,06:00,13:15,06:00,13:15,06:00,13:15,,,,
8200130,Kautebaach,,,,,,,,,,,,,,,,,,,,,,,,,,,,,,,,,,
8821659,Kessel,Stationssteenweg,2560,Kessel,1.0,0.0,1.0,0.0,0.0,0.0,0.0,0.0,0.0,0.0,0.0,0.0,0.0,0.0,0.0,0.0,0.0,,,,,,,,,,,,,,
8832375,Kiewit,Kempische Steenweg,3500,Hasselt,1.0,0.0,1.0,0.0,0.0,0.0,0.0,0.0,0.0,0.0,0.0,0.0,0.0,0.0,0.0,0.0,0.0,,,,,,,,,,,,,,
8821451,Kijkuit,Kijkuitstraat,2920,Kalmthout,1.0,0.0,0.0,0.0,0.0,0.0,0.0,0.0,0.0,0.0,0.0,0.0,1.0,0.0,0.0,0.0,0.0,,,,,,,,,,,,,,
8200520,Klengbetten,,,,,,,,,,,,,,,,,,,,,,,,,,,,,,,,,,
8891660,Knokke,M. Lippensplein 25,8300,Knokke,1.0,0.0,1.0,1.0,1.0,0.0,1.0,1.0,0.0,1.0,1.0,4.0,1.0,0.0,0.0,0.0,1.0,07:45,15:00,07:45,15:00,07:45,15:00,07:45,15:00,07:45,15:00,07:45,15:00,07:45,15:00
8892320,Koksijde,Sint-Idesbaldusstraat,8630,Veurne,1.0,0.0,1.0,0.0,1.0,0.0,1.0,0.0,0.0,0.0,1.0,3.0,1.0,0.0,0.0,0.0,0.0,,,,,,,,,,,,,,
8821311,Kontich-Lint,Stationsplein,2550,Kontich,1.0,0.0,1.0,0.0,1.0,0.0,1.0,0.0,0.0,0.0,1.0,2.0,1.0,0.0,0.0,0.0,1.0,05:45,13:00,05:45,13:00,05:45,13:00,05:45,13:00,05:45,13:00,,,,
8892403,Kortemark,Stationsplein 2,8610,Kortemark,1.0,0.0,1.0,0.0,1.0,0.0,1.0,0.0,0.0,0.0,1.0,2.0,0.0,0.0,0.0,0.0,0.0,,,,,,,,,,,,,,
8811254,Kortenberg,Stationplein,3070,Kortenberg,1.0,0.0,1.0,0.0,1.0,0.0,1.0,0.0,0.0,0.0,0.0,4.0,1.0,0.0,0.0,0.0,0.0,,,,,,,,,,,,,,
8896008,Kortrijk,Stationsplein 8,8500,Kortrijk,1.0,1.0,1.0,1.0,1.0,1.0,1.0,0.0,0.0,0.0,1.0,10.0,0.0,0.0,0.0,0.0,1.0,06:15,20:30,06:15,20:30,06:15,20:30,06:15,20:30,06:15,20:30,06:15,20:30,06:15,20:30
8893567,Kwatrecht,Brusselse Steenweg Zn,9230,Wetteren,1.0,0.0,1.0,0.0,0.0,0.0,0.0,0.0,0.0,0.0,1.0,0.0,1.0,0.0,0.0,0.0,0.0,,,,,,,,,,,,,,
8015458,Köln Hbf,,,,,,,,,,,,,,,,,,,,,,,,,,,,,,,,,,
8811510,La Hulpe,Place Favresse,1310,La Hulpe,1.0,0.0,1.0,0.0,1.0,0.0,1.0,0.0,0.0,0.0,0.0,3.0,1.0,0.0,0.0,0.0,1.0,06:15,13:30,06:15,13:30,06:15,13:30,06:15,13:30,06:15,13:30,,,,
8882107,La Louvière-Centre,Place De L'Esplanade,7100,La Louviere,1.0,0.0,0.0,1.0,1.0,0.0,1.0,0.0,0.0,0.0,0.0,5.0,0.0,0.0,0.0,0.0,1.0,06:30,13:45,06:30,13:45,06:30,13:45,06:30,13:45,06:30,13:45,07:00,14:15,,
8882206,La Louvière-Sud,Boulevard Roi Baudouin,7100,La Louviere,1.0,0.0,1.0,1.0,1.0,0.0,1.0,0.0,0.0,0.0,1.0,3.0,0.0,1.0,0.0,0.0,1.0,05:45,20:00,05:45,20:00,05:45,20:00,05:45,20:00,05:45,20:00,07:00,14:15,07:00,14:15
8872587,La Roche (Brabant),Rue Henval,1490,Court-Saint-Etienne,1.0,0.0,1.0,0.0,0.0,0.0,0.0,0.0,0.0,0.0,0.0,0.0,0.0,0.0,0.0,0.0,0.0,,,,,,,,,,,,,,
8871670,Labuissière,Rue Ferrer,6560,Erquelinnes,1.0,0.0,1.0,0.0,0.0,0.0,0.0,0.0,0.0,0.0,0.0,0.0,0.0,0.0,0.0,0.0,0.0,,,,,,,,,,,,,,
8892056,Landegem,Stationsstraat 95,9850,Landegem,1.0,0.0,0.0,0.0,1.0,0.0,1.0,0.0,0.0,1.0,1.0,3.0,1.0,0.0,0.0,1.0,0.0,,,,,,,,,,,,,,
8871837,Landelies,Rue De Cousolre  //  Rue Albert 1°,6110,Montigny-Le-Tilleul,1.0,0.0,1.0,0.0,0.0,0.0,0.0,0.0,0.0,0.0,0.0,0.0,0.0,0.0,0.0,0.0,0.0,,,,,,,,,,,,,,
8833605,Landen,Stationsplein 9,3400,Landen,1.0,0.0,1.0,0.0,1.0,0.0,1.0,0.0,0.0,0.0,1.0,4.0,0.0,0.0,0.0,0.0,1.0,05:45,13:00,05:45,13:00,05:45,13:00,05:45,13:00,05:45,13:00,07:00,14:15,07:00,14:15
8774177,Landry,,,,,,,,,,,,,,,,,,,,,,,,,,,,,,,,,,
8893054,Landskouter,Landskoutersteenweg,9860,Oosterzele,1.0,0.0,1.0,0.0,0.0,0.0,0.0,0.0,0.0,0.0,0.0,0.0,0.0,0.0,0.0,0.0,0.0,,,,,,,,,,,,,,
8833258,Langdorp,Grote Meur Zn.,3201,Aarschot,1.0,0.0,1.0,0.0,0.0,0.0,0.0,0.0,0.0,0.0,0.0,0.0,0.0,0.0,0.0,0.0,0.0,,,,,,,,,,,,,,
8874559,Le Campinaire,Rue Sifride Demoulin 6240 Farciennes,,,0.0,0.0,0.0,0.0,0.0,0.0,0.0,0.0,0.0,0.0,0.0,0.0,0.0,0.0,0.0,0.0,0.0,,,,,,,,,,,,,,
8812161,Lebbeke,Stationsstraat 155,9280,Lebbeke,0.0,0.0,1.0,0.0,0.0,0.0,0.0,0.0,0.0,0.0,0.0,1.0,1.0,0.0,0.0,0.0,0.0,,,,,,,,,,,,,,
8895067,Lede,Stationsstraat,9340,Lede,1.0,0.0,0.0,0.0,1.0,0.0,1.0,0.0,0.0,0.0,1.0,2.0,0.0,0.0,0.0,0.0,1.0,06:00,13:15,06:00,13:15,06:00,13:15,06:00,13:15,06:00,13:15,,,,
8864816,Leignon,Rue De La Gare,5590,Leignon,1.0,0.0,0.0,0.0,0.0,0.0,1.0,0.0,0.0,0.0,0.0,0.0,0.0,0.0,0.0,0.0,0.0,,,,,,,,,,,,,,
8843224,Leman,Rue Général Leman,4400,Flemalle,0.0,0.0,0.0,0.0,0.0,0.0,0.0,0.0,0.0,0.0,0.0,0.0,0.0,0.0,0.0,0.0,0.0,,,,,,,,,,,,,,
8814332,Lembeek,Stationsstraat,1502,Lembeek-Halle,1.0,0.0,0.0,0.0,0.0,0.0,1.0,0.0,0.0,0.0,0.0,0.0,0.0,0.0,0.0,0.0,0.0,,,,,,,,,,,,,,
8881190,Lens,Rue Vallaville / Rue De La Station,7870,Lens,0.0,0.0,1.0,0.0,0.0,0.0,0.0,0.0,0.0,0.0,0.0,0.0,0.0,0.0,0.0,0.0,0.0,,,,,,,,,,,,,,
8832003,Leopoldsburg,Nicolaylaan,3970,Leopoldsburg,1.0,0.0,1.0,0.0,1.0,0.0,1.0,0.0,0.0,0.0,0.0,4.0,0.0,0.0,0.0,0.0,0.0,,,,,,,,,,,,,,
8775544,Les Arcs - Draguignan,,,,,,,,,,,,,,,,,,,,,,,,,,,,,,,,,,
8886504,Lessen,Rue René Magritte,7860,Lessines,1.0,0.0,1.0,0.0,1.0,0.0,1.0,0.0,0.0,0.0,0.0,0.0,0.0,0.0,0.0,0.0,1.0,06:00,13:15,06:00,13:15,06:00,13:15,06:00,13:15,06:00,13:15,,,,
8833001,Leuven,Martelarenplein 20,3000,Leuven,1.0,1.0,1.0,1.0,1.0,1.0,1.0,0.0,0.0,1.0,1.0,4.0,1.0,1.0,0.0,1.0,1.0,05:45,21:30,05:45,21:30,05:45,21:30,05:45,21:30,05:45,21:30,06:00,21:30,06:00,21:30
8886348,Leuze,Rue Du Seuwoir,7900,Leuze-En-Hainaut,1.0,0.0,1.0,0.0,1.0,0.0,1.0,0.0,0.0,0.0,1.0,7.0,0.0,0.0,0.0,0.0,1.0,05:45,13:00,05:45,13:00,05:45,13:00,05:45,13:00,05:45,13:00,,,,
8882339,Leval,Rue Albert 1er,7134,Leval-Trahegnies,1.0,0.0,1.0,0.0,0.0,0.0,0.0,0.0,0.0,0.0,0.0,0.0,1.0,0.0,0.0,0.0,0.0,,,,,,,,,,,,,,
8728710,Lezennes,,,,,,,,,,,,,,,,,,,,,,,,,,,,,,,,,,
8865003,Libramont,Place De La Gare 1,6800,Libramont-Chevigny,1.0,0.0,1.0,0.0,1.0,0.0,1.0,0.0,0.0,1.0,1.0,2.0,0.0,0.0,0.0,0.0,1.0,06:45,14:00,06:45,14:00,06:45,14:00,06:45,14:00,06:45,14:00,08:15,15:30,11:15,18:30
8892205,Lichtervelde,Statieplaats 5,8810,Lichtervelde,1.0,0.0,1.0,0.0,1.0,0.0,1.0,0.0,0.0,1.0,1.0,4.0,0.0,0.0,0.0,0.0,1.0,06:15,13:30,06:15,13:30,06:15,13:30,06:15,13:30,06:15,13:30,07:15,14:30,,
8895836,Liedekerke,Affligemsestraat 400,1770,Liedekerke,1.0,0.0,1.0,0.0,1.0,0.0,1.0,0.0,0.0,0.0,0.0,1.0,0.0,0.0,0.0,0.0,1.0,06:00,13:15,06:00,13:15,06:00,13:15,06:00,13:15,06:00,13:15,,,,
8821600,Lier,Leopoldplein 32,2500,Lier,1.0,0.0,1.0,1.0,1.0,1.0,1.0,0.0,0.0,1.0,1.0,1.0,0.0,0.0,0.0,0.0,1.0,05:45,20:00,05:45,20:00,05:45,20:00,05:45,20:00,05:45,20:00,06:00,20:00,07:45,15:00
8895570,Lierde,Steenweg 112,9570,Lierde,1.0,0.0,1.0,0.0,1.0,0.0,0.0,0.0,0.0,0.0,0.0,2.0,0.0,0.0,0.0,0.0,0.0,,,,,,,,,,,,,,
8841673,Liers,Rue Provinciale 165,4450,Liers-Juprelle,1.0,0.0,0.0,0.0,0.0,0.0,1.0,0.0,0.0,0.0,0.0,0.0,0.0,0.0,0.0,0.0,0.0,,,,,,,,,,,,,,
8872520,Ligny,Rue Du Grand Central,5140,Ligny,1.0,0.0,1.0,0.0,0.0,0.0,0.0,0.0,0.0,0.0,0.0,0.0,0.0,0.0,0.0,0.0,0.0,,,,,,,,,,,,,,
8722326,Lille Europe,,,,,,,,,,,,,,,,,,,,,,,,,,,,,,,,,,
8728600,Lille Flandres,,,,,,,,,,,,,,,,,,,,,,,,,,,,,,,,,,
8814241,Lillois,Rue René Franck,1428,Lillois-Witterzee,0.0,0.0,0.0,0.0,0.0,0.0,0.0,0.0,0.0,0.0,0.0,0.0,1.0,0.0,0.0,0.0,0.0,,,,,,,,,,,,,,
8811635,Limal,Rue De La Gare,1300,Limal,1.0,0.0,1.0,0.0,0.0,0.0,0.0,0.0,0.0,0.0,0.0,1.0,1.0,0.0,0.0,0.0,0.0,,,,,,,,,,,,,,
8032572,Limburg Süd,,,,,,,,,,,,,,,,,,,,,,,,,,,,,,,,,,
8814142,Linkebeek,Square Marcel En Robert Maas,1630,Linkebeek,1.0,0.0,0.0,0.0,0.0,0.0,1.0,0.0,0.0,0.0,0.0,0.0,0.0,0.0,0.0,0.0,0.0,,,,,,,,,,,,,,
8891629,Lissewege,Stationsstraat 18,8340,Lissewege,1.0,0.0,1.0,0.0,0.0,0.0,0.0,0.0,0.0,0.0,0.0,0.0,0.0,0.0,0.0,0.0,0.0,,,,,,,,,,,,,,
8841558,Liège-Carré,Rue Pouplin,4000,Liege,1.0,0.0,0.0,0.0,0.0,0.0,1.0,0.0,0.0,0.0,0.0,0.0,0.0,0.0,0.0,0.0,0.0,,,,,,,,,,,,,,
8841004,Liège-Guillemins,Place Des Guillemins 2,4000,Liege,1.0,0.0,1.0,1.0,1.0,1.0,1.0,0.0,0.0,1.0,1.0,13.0,1.0,1.0,1.0,1.0,1.0,06:00,21:00,06:00,21:00,06:00,21:00,06:00,21:00,06:00,21:00,06:00,21:00,06:00,21:00
8841525,Liège-Saint-Lambert,Fond Saint-Servais 3,4000,Liege,1.0,0.0,1.0,0.0,0.0,0.0,1.0,0.0,0.0,0.0,0.0,0.0,1.0,0.0,0.0,0.0,1.0,05:45,20:00,05:45,20:00,05:45,20:00,05:45,20:00,05:45,20:00,06:00,20:30,07:45,15:00
8871712,Lobbes,Rue De La Station 2,6540,Lobbes,1.0,0.0,0.0,0.0,1.0,0.0,1.0,0.0,0.0,0.0,1.0,0.0,0.0,0.0,0.0,0.0,1.0,,,,,,,,,,,,,,
8872306,Lodelinsart,Rue De La Station,6042,Lodelinsart,1.0,0.0,1.0,0.0,0.0,0.0,0.0,0.0,0.0,0.0,0.0,0.0,0.0,0.0,0.0,0.0,0.0,,,,,,,,,,,,,,
8894201,Lokeren,Stationsplein,9160,Lokeren,1.0,0.0,1.0,0.0,1.0,1.0,1.0,0.0,0.0,0.0,1.0,4.0,0.0,1.0,0.0,1.0,1.0,05:45,20:00,05:45,20:00,05:45,20:00,05:45,20:00,05:45,20:00,06:00,20:00,06:00,20:00
8832565,Lommel,Stationstraat 278,3920,Lommel,1.0,0.0,1.0,0.0,1.0,0.0,1.0,0.0,0.0,0.0,0.0,3.0,0.0,0.0,0.0,0.0,0.0,,,,,,,,,,,,,,
8822111,Londerzeel,Klein Holland 2,1840,Londerzeel,1.0,0.0,1.0,0.0,1.0,1.0,1.0,0.0,0.0,0.0,0.0,1.0,0.0,0.0,0.0,0.0,0.0,,,,,,,,,,,,,,
7015400,London Saint Pancras International,,,,,,,,,,,,,,,,,,,,,,,,,,,,,,,,,,
8861416,Lonzée,Rue De La Gare,5030,Lonzée,1.0,0.0,1.0,0.0,0.0,0.0,0.0,0.0,0.0,0.0,0.0,0.0,0.0,0.0,0.0,0.0,0.0,,,,,,,,,,,,,,
8714210,Lorraine TGV,,,,,,,,,,,,,,,,,,,,,,,,,,,,,,,,,,
8814357,Lot,Stationsstraat,1651,Lot- Beersel,1.0,0.0,0.0,0.0,0.0,0.0,0.0,0.0,0.0,0.0,0.0,0.0,0.0,0.0,0.0,0.0,0.0,,,,,,,,,,,,,,
8811676,Louvain-la-Neuve,Rue Des Wallons 1,1348,Louvain-La-Neuve,1.0,0.0,0.0,0.0,0.0,0.0,1.0,0.0,0.0,0.0,1.0,0.0,1.0,0.0,0.0,1.0,1.0,06:15,20:30,06:15,20:30,06:15,20:30,06:15,20:30,06:15,20:30,06:45,21:00,06:45,21:00
8863156,Lustin,Rue De La Gare,5170,Profondeville,1.0,0.0,1.0,0.0,0.0,0.0,1.0,0.0,0.0,0.0,0.0,0.0,0.0,0.0,0.0,0.0,0.0,,,,,,,,,,,,,,
8871308,Luttre,Avenue De La Gare 1,6238,Luttre,1.0,0.0,1.0,0.0,1.0,0.0,1.0,0.0,0.0,0.0,1.0,4.0,1.0,0.0,0.0,0.0,1.0,05:45,13:00,05:45,13:00,05:45,13:00,05:45,13:00,05:45,13:00,,,,
8772319,Lyon Part Dieu TGV,,,,,,,,,,,,,,,,,,,,,,,,,,,,,,,,,,
8772202,Lyon-Perrache TGV,,,,,,,,,,,,,,,,,,,,,,,,,,,,,,,,,,
8776290,Lyon-Saint Exupéry TGV,,,,,,,,,,,,,,,,,,,,,,,,,,,,,,,,,,
8200100,Lëtzebuerg,,,,,,,,,,,,,,,,,,,,,,,,,,,,,,,,,,
8400424,Maastricht,,,,,,,,,,,,,,,,,,,,,,,,,,,,,,,,,,
8400426,Maastricht Randwyck,,,,,,,,,,,,,,,,,,,,,,,,,,,,,,,,,,
8886041,Maffle,Rue Salvador Allende,7810,Maffle,0.0,0.0,1.0,0.0,0.0,0.0,0.0,0.0,0.0,0.0,0.0,0.0,0.0,0.0,0.0,0.0,0.0,,,,,,,,,,,,,,
8822137,Malderen,Boeksheide,1840,Malderen,1.0,0.0,1.0,0.0,0.0,0.0,1.0,0.0,0.0,0.0,0.0,1.0,0.0,0.0,0.0,0.0,0.0,,,,,,,,,,,,,,
8200516,Mamer,,,,,,,,,,,,,,,,,,,,,,,,,,,,,,,,,,
8210014,Mamer-Lycée,,,,,,,,,,,,,,,,,,,,,,,,,,,,,,,,,,
8882701,Manage,Place De La Gare 21,7170,Manage,1.0,0.0,1.0,0.0,0.0,0.0,1.0,0.0,0.0,0.0,0.0,0.0,0.0,0.0,0.0,0.0,0.0,,,,,,,,,,,,,,
8866175,Marbehan,Place De La Gare 1,6724,Marbehan (habay),1.0,0.0,1.0,0.0,1.0,0.0,1.0,0.0,0.0,0.0,1.0,3.0,0.0,0.0,0.0,0.0,1.0,05:45,13:00,05:45,13:00,05:45,13:00,05:45,13:00,05:45,13:00,,,,
8864410,Marche-en-Famenne,Rue Du Luxembourg,6900,Marche-En-Famenne,1.0,0.0,1.0,0.0,0.0,0.0,1.0,0.0,0.0,0.0,0.0,0.0,0.0,0.0,0.0,0.0,0.0,,,,,,,,,,,,,,
8863461,Marche-les-Dames,Rue Roi Chevalier 1,5024,Marche-Les-Dames,0.0,0.0,1.0,0.0,0.0,0.0,1.0,0.0,0.0,0.0,0.0,0.0,0.0,0.0,0.0,0.0,0.0,,,,,,,,,,,,,,
8883220,Marche-lez-Écaussinnes,Rue Joseph Wauters,7180,Marche-Lez-Ecaussinnes,1.0,0.0,1.0,0.0,0.0,0.0,0.0,0.0,0.0,0.0,0.0,0.0,0.0,0.0,0.0,0.0,0.0,,,,,,,,,,,,,,
8871852,Marchienne-Zone,Rue De La Jambe De Bois,6110,Montigny-Le-Tilleul,0.0,0.0,0.0,0.0,0.0,0.0,0.0,0.0,0.0,0.0,0.0,0.0,0.0,0.0,0.0,0.0,0.0,,,,,,,,,,,,,,
8871100,Marchienne-au-Pont,Place Des Combattants,6030,Marchienne-Au-Pont,1.0,0.0,1.0,0.0,1.0,0.0,1.0,0.0,0.0,0.0,0.0,5.0,1.0,0.0,0.0,0.0,1.0,05:45,13:00,05:45,13:00,05:45,13:00,05:45,13:00,05:45,13:00,,,,
8891132,Maria-Aalter,Knesselarestr/blekkevijverstr,9880,Maria-Aalter,1.0,0.0,1.0,0.0,0.0,0.0,0.0,0.0,0.0,0.0,0.0,0.0,0.0,0.0,0.0,0.0,0.0,,,,,,,,,,,,,,
8875002,Mariembourg,Place Léopold Roger 1,5660,Mariembourg,1.0,0.0,0.0,0.0,1.0,0.0,1.0,0.0,0.0,0.0,1.0,1.0,0.0,0.0,0.0,0.0,1.0,06:45,14:00,06:45,14:00,06:45,14:00,06:45,14:00,06:45,14:00,,,,
8864345,Marloie,Place De La Gare 1,6900,Marloie,1.0,0.0,1.0,0.0,1.0,0.0,1.0,0.0,0.0,0.0,1.0,3.0,1.0,0.0,0.0,0.0,1.0,06:00,13:15,06:00,13:15,06:00,13:15,06:00,13:15,06:00,13:15,08:15,15:30,,
8711184,Marne-la-Vallée - Chessy,,,,,,,,,,,,,,,,,,,,,,,,,,,,,,,,,,
8775100,Marseille-Saint-Charles,,,,,,,,,,,,,,,,,,,,,,,,,,,,,,,,,,
8881174,Masnuy-Saint-Pierre,Rue Des Masnuy,7050,Masnuy-Saint-Pierre,0.0,0.0,1.0,0.0,0.0,0.0,0.0,0.0,0.0,0.0,0.0,0.0,0.0,0.0,0.0,0.0,0.0,,,,,,,,,,,,,,
8739370,Massy TGV,,,,,,,,,,,,,,,,,,,,,,,,,,,,,,,,,,
8729500,Maubeuge,,,,,,,,,,,,,,,,,,,,,,,,,,,,,,,,,,
8885530,Maubray,Rue De La Gare,7640,Maubray,1.0,0.0,1.0,0.0,0.0,0.0,0.0,0.0,0.0,0.0,0.0,0.0,0.0,0.0,0.0,0.0,0.0,,,,,,,,,,,,,,
8861333,Mazy,Chaussée De Nivelle,5032,Mazy,1.0,0.0,0.0,0.0,0.0,0.0,0.0,0.0,0.0,0.0,0.0,0.0,0.0,0.0,0.0,0.0,0.0,,,,,,,,,,,,,,
8822004,Mechelen,Koning Albertplein 2,2800,Mechelen,1.0,0.0,1.0,1.0,1.0,1.0,1.0,0.0,0.0,1.0,1.0,8.0,1.0,1.0,0.0,1.0,1.0,05:45,20:00,05:45,20:00,05:45,20:00,05:45,20:00,05:45,20:00,06:45,21:00,06:45,21:00
8822343,Mechelen-Nekkerspoel,Ontvoeringsplein,2800,Mechelen,1.0,0.0,1.0,0.0,1.0,1.0,1.0,0.0,0.0,0.0,0.0,4.0,1.0,1.0,0.0,0.0,1.0,06:00,13:15,06:00,13:15,06:00,13:15,06:00,13:15,06:00,13:15,,,,
8811171,Meiser,Leuvensesteenweg,1030,Brussel,1.0,0.0,0.0,0.0,0.0,0.0,1.0,1.0,0.0,0.0,0.0,0.0,1.0,0.0,0.0,0.0,0.0,,,,,,,,,,,,,,
8821824,Melkouwen,Melkouwensesteenweg Zn.,2590,Berlaar,1.0,0.0,1.0,0.0,0.0,0.0,0.0,0.0,0.0,0.0,0.0,0.0,0.0,0.0,0.0,0.0,0.0,,,,,,,,,,,,,,
8893039,Melle,Gemeenteplein Zn,9090,Melle,1.0,0.0,1.0,0.0,0.0,0.0,1.0,0.0,0.0,0.0,0.0,1.0,0.0,0.0,0.0,0.0,0.0,,,,,,,,,,,,,,
8890142,Melle PW,,,,0.0,0.0,0.0,0.0,0.0,0.0,0.0,0.0,0.0,0.0,0.0,0.0,0.0,0.0,0.0,0.0,0.0,,,,,,,,,,,,,,
8864436,Melreux-Hotton,Avenue De La Gare 1,6990,Hotton,1.0,0.0,1.0,0.0,1.0,0.0,1.0,0.0,0.0,0.0,0.0,1.0,0.0,0.0,0.0,0.0,0.0,,,,,,,,,,,,,,
8894755,Melsele,Spoorweglaan Z/n,9120,Beveren (melsele),1.0,0.0,1.0,0.0,0.0,0.0,0.0,0.0,0.0,0.0,0.0,0.0,0.0,0.0,0.0,0.0,0.0,,,,,,,,,,,,,,
8896305,Menen,Bevrijdingsplein,8930,Menen,1.0,0.0,0.0,0.0,1.0,0.0,1.0,0.0,0.0,0.0,1.0,4.0,0.0,0.0,0.0,0.0,1.0,06:15,13:30,06:15,13:30,06:15,13:30,06:15,13:30,06:15,13:30,,,,
8812120,Merchtem,Stationsstraat 136,1785,Merchtem,1.0,0.0,1.0,0.0,1.0,0.0,0.0,0.0,0.0,0.0,0.0,2.0,0.0,0.0,0.0,0.0,0.0,,,,,,,,,,,,,,
8893013,Merelbeke,Merelbekestationsplein 16,9050,Gentbrugge,1.0,0.0,1.0,0.0,1.0,0.0,1.0,0.0,0.0,0.0,0.0,1.0,1.0,0.0,0.0,0.0,0.0,,,,,,,,,,,,,,
8811197,Merode,Tervurenlaan,1040,Brussel,1.0,0.0,0.0,0.0,0.0,0.0,1.0,1.0,1.0,0.0,0.0,0.0,1.0,1.0,0.0,0.0,0.0,,,,,,,,,,,,,,
8200110,Mersch,,,,,,,,,,,,,,,,,,,,,,,,,,,,,,,,,,
8866662,Messancy,Rue De La Station,6780,Messancy,1.0,0.0,0.0,0.0,0.0,0.0,0.0,0.0,0.0,0.0,0.0,0.0,0.0,0.0,0.0,0.0,0.0,,,,,,,,,,,,,,
8719203,Metz,,,,,,,,,,,,,,,,,,,,,,,,,,,,,,,,,,
8886058,Mevergnies-Attre,Avenue Saint Martin,7941,Attre,1.0,0.0,0.0,0.0,0.0,0.0,0.0,0.0,0.0,0.0,0.0,0.0,0.0,0.0,0.0,0.0,0.0,,,,,,,,,,,,,,
8200128,Michelau,,,,,,,,,,,,,,,,,,,,,,,,,,,,,,,,,,
8841665,Milmort,Rue Bovendael,4040,Milmort,0.0,0.0,1.0,0.0,0.0,0.0,0.0,0.0,0.0,0.0,0.0,0.0,0.0,0.0,0.0,0.0,0.0,,,,,,,,,,,,,,
8814431,Moensberg,Horzelstraat,1180,Ukkel,1.0,0.0,0.0,0.0,0.0,0.0,1.0,0.0,0.0,0.0,0.0,0.0,0.0,0.0,0.0,0.0,0.0,,,,,,,,,,,,,,
8832409,Mol,Statieplein 1,2400,Mol,1.0,0.0,1.0,0.0,1.0,1.0,1.0,0.0,0.0,0.0,1.0,4.0,0.0,0.0,0.0,1.0,1.0,05:45,20:00,05:45,20:00,05:45,20:00,05:45,20:00,05:45,20:00,07:45,15:00,07:45,15:00
8812112,Mollem,Voorste Hoeve,1730,Mollem,0.0,0.0,0.0,0.0,0.0,0.0,0.0,0.0,0.0,0.0,0.0,0.0,1.0,0.0,0.0,0.0,0.0,,,,,,,,,,,,,,
8841459,Momalle,Rue De La Gare 96,4350,Momalle,1.0,0.0,1.0,0.0,0.0,0.0,0.0,0.0,0.0,0.0,0.0,0.0,0.0,0.0,0.0,0.0,0.0,,,,,,,,,,,,,,
8881000,Mons,Boulevard Charles Quint 33,7000,Mons,1.0,1.0,1.0,1.0,1.0,1.0,1.0,0.0,0.0,1.0,1.0,5.0,1.0,1.0,0.0,0.0,1.0,05:45,20:00,05:45,20:00,05:45,20:00,05:45,20:00,05:45,20:00,06:00,20:00,06:00,20:00
8861549,Mont-Saint-Guibert,Rue De La Station 16,1435,Mont-St-Guibert,1.0,0.0,1.0,0.0,1.0,0.0,0.0,0.0,0.0,0.0,0.0,0.0,0.0,0.0,0.0,0.0,0.0,,,,,,,,,,,,,,
8777300,Montpellier,,,,,,,,,,,,,,,,,,,,,,,,,,,,,,,,,,
8893062,Moortsele,Van Thorenburghlaan,9860,Scheldewindeke - Oosterzele,1.0,0.0,1.0,0.0,0.0,0.0,1.0,0.0,0.0,0.0,0.0,1.0,0.0,0.0,0.0,0.0,0.0,,,,,,,,,,,,,,
8882230,Morlanwelz,Rue Des Déportés 1,7140,Morlanwelz,1.0,0.0,1.0,0.0,0.0,0.0,0.0,0.0,0.0,0.0,0.0,0.0,0.0,0.0,0.0,0.0,0.0,,,,,,,,,,,,,,
8821147,Mortsel,Cogelslei,2640,Mortsel,1.0,0.0,1.0,0.0,0.0,0.0,0.0,0.0,0.0,0.0,0.0,1.0,1.0,0.0,0.0,0.0,0.0,,,,,,,,,,,,,,
8821154,Mortsel-Deurnesteenweg,Deurnestraat,2640,Mortsel,0.0,0.0,1.0,0.0,0.0,0.0,0.0,0.0,0.0,0.0,0.0,1.0,1.0,0.0,0.0,0.0,0.0,,,,,,,,,,,,,,
8821246,Mortsel-Liersesteenweg,Weerstandsplein,2640,Mortsel,1.0,0.0,1.0,0.0,0.0,0.0,0.0,0.0,0.0,0.0,0.0,0.0,0.0,0.0,0.0,0.0,0.0,,,,,,,,,,,,,,
8821238,Mortsel-Oude God,Groten Hof,2640,Mortsel-Oude-God,1.0,0.0,1.0,0.0,1.0,1.0,1.0,1.0,0.0,0.0,0.0,2.0,1.0,0.0,0.0,0.0,0.0,,,,,,,,,,,,,,
8885704,Mouscron,Place De La Gare,7700,Mouscron,1.0,0.0,1.0,1.0,1.0,0.0,1.0,0.0,0.0,0.0,1.0,3.0,0.0,0.0,0.0,0.0,1.0,05:45,20:00,05:45,20:00,05:45,20:00,05:45,20:00,05:45,20:00,07:00,14:15,07:00,14:15
8889011,Mouscron-Frontiere,,,,,,,,,,,,,,,,,,,,,,,,,,,,,,,,,,
8861150,Moustier,Place De La Gare 12,5190,Moustier,1.0,0.0,1.0,0.0,1.0,0.0,1.0,0.0,0.0,0.0,0.0,2.0,1.0,0.0,0.0,0.0,0.0,,,,,,,,,,,,,,
8811403,Mouterij/Germoir,Mouterijstraat,1050,Elsene,1.0,0.0,0.0,0.0,0.0,0.0,0.0,0.0,0.0,0.0,0.0,0.0,0.0,0.0,0.0,0.0,0.0,,,,,,,,,,,,,,
8774172,Moûtiers-Salins-Brides-les-Bai,,,,,,,,,,,,,,,,,,,,,,,,,,,,,,,,,,
8822426,Muizen,Karolingenstraat,2812,Muizen,1.0,0.0,1.0,0.0,0.0,0.0,1.0,0.0,0.0,0.0,0.0,0.0,0.0,0.0,0.0,0.0,0.0,,,,,,,,,,,,,,
8718206,Mulhouse,,,,,,,,,,,,,,,,,,,,,,,,,,,,,,,,,,
8895232,Munkzwalm,Zuidlaan 1,9630,Zwalm,1.0,0.0,0.0,0.0,0.0,0.0,0.0,0.0,0.0,0.0,0.0,4.0,1.0,0.0,0.0,0.0,0.0,,,,,,,,,,,,,,
8842648,Méry,Place De La Gare 8,4130,Esneux,1.0,0.0,1.0,0.0,0.0,0.0,1.0,0.0,0.0,0.0,0.0,0.0,0.0,0.0,0.0,0.0,0.0,,,,,,,,,,,,,,
8863008,Namur,Place De La Station,5000,Namur,1.0,0.0,1.0,1.0,1.0,1.0,1.0,0.0,0.0,1.0,1.0,2.0,1.0,1.0,0.0,1.0,1.0,05:45,20:30,05:45,20:30,05:45,20:30,05:45,20:30,05:45,20:30,06:00,20:30,06:15,20:30
8863453,Namêche,Rue De La Gare 15,5300,Nameche,0.0,0.0,1.0,0.0,0.0,0.0,0.0,0.0,0.0,0.0,0.0,0.0,0.0,0.0,0.0,0.0,0.0,,,,,,,,,,,,,,
8864964,Naninne,Rue De La Gare De Naninne 124,5100,Naninne,1.0,0.0,1.0,0.0,0.0,0.0,0.0,0.0,0.0,0.0,0.0,0.0,0.0,0.0,0.0,0.0,0.0,,,,,,,,,,,,,,
8778110,Narbonne,,,,,,,,,,,,,,,,,,,,,,,,,,,,,,,,,,
8864915,Natoye,Rue De La Gare,5360,Natoye,1.0,0.0,0.0,0.0,0.0,0.0,1.0,0.0,0.0,0.0,0.0,0.0,0.0,0.0,0.0,0.0,0.0,,,,,,,,,,,,,,
8832615,Neerpelt,Stationsstraat 84,3910,Neerpelt,1.0,0.0,1.0,0.0,1.0,0.0,1.0,0.0,0.0,0.0,1.0,2.0,1.0,0.0,0.0,0.0,1.0,07:15,14:30,07:15,14:30,07:15,14:30,07:15,14:30,07:15,14:30,,,,
8833670,Neerwinden,Braakkouterstraat,3400,Neerwinden,1.0,0.0,1.0,0.0,0.0,0.0,0.0,0.0,0.0,0.0,0.0,0.0,0.0,0.0,0.0,0.0,0.0,,,,,,,,,,,,,,
8844230,Nessonvaux,Rue De La Gare,4870,Trooz,1.0,0.0,1.0,0.0,0.0,0.0,1.0,0.0,0.0,0.0,0.0,0.0,0.0,0.0,0.0,0.0,0.0,,,,,,,,,,,,,,
8866258,Neufchâteau,Place De La Gare 37,6840,Longlier-Neufchateau,1.0,0.0,1.0,0.0,1.0,0.0,1.0,0.0,0.0,0.0,0.0,0.0,0.0,0.0,0.0,0.0,0.0,,,,,,,,,,,,,,
8883121,Neufvilles,Place De La Gare,7063,Neufvilles,1.0,0.0,1.0,0.0,0.0,0.0,0.0,0.0,0.0,0.0,0.0,0.0,0.0,0.0,0.0,0.0,0.0,,,,,,,,,,,,,,
8775605,Nice Ville,,,,,,,,,,,,,,,,,,,,,,,,,,,,,,,,,,
8824240,Niel,Stationsstraat,2845,Niel,1.0,0.0,1.0,0.0,0.0,0.0,1.0,0.0,0.0,0.0,0.0,2.0,0.0,0.0,0.0,0.0,0.0,,,,,,,,,,,,,,
8894714,Nieuwkerken-Waas,Heihoekstraat Z/n,9100,Sint-Niklaas (nieuwkerken-Waas),1.0,0.0,0.0,0.0,0.0,0.0,1.0,0.0,0.0,0.0,0.0,0.0,0.0,0.0,0.0,0.0,0.0,,,,,,,,,,,,,,
8821667,Nijlen,Statieplein 1,2560,Nijlen,1.0,0.0,1.0,0.0,1.0,0.0,1.0,0.0,0.0,0.0,0.0,2.0,0.0,0.0,0.0,0.0,0.0,,,,,,,,,,,,,,
8881315,Nimy,Rue Des Viaducs/chaussée De Bruxelles,7020,Nimy,1.0,0.0,0.0,0.0,0.0,0.0,0.0,0.0,0.0,0.0,0.0,0.0,0.0,0.0,0.0,0.0,0.0,,,,,,,,,,,,,,
8895760,Ninove,Stationsplein 64,9400,Ninove,1.0,0.0,1.0,0.0,1.0,1.0,1.0,0.0,0.0,0.0,1.0,2.0,1.0,0.0,0.0,0.0,1.0,05:45,13:00,05:45,13:00,05:45,13:00,05:45,13:00,05:45,13:00,,,,
8814209,Nivelles,Rue De Namur 185,1400,Nivelles,1.0,0.0,1.0,0.0,1.0,0.0,1.0,0.0,0.0,0.0,1.0,4.0,1.0,0.0,0.0,0.0,1.0,05:45,20:00,05:45,20:00,05:45,20:00,05:45,20:00,05:45,20:00,06:00,20:30,06:00,20:30
8821105,Noorderkempen,Oudaenstraat,2960,Brecht,1.0,0.0,1.0,0.0,1.0,0.0,1.0,0.0,0.0,1.0,1.0,7.0,1.0,0.0,0.0,0.0,0.0,06:45,14:00,06:45,14:00,06:45,14:00,06:45,14:00,06:45,14:00,,,,
8811247,Nossegem,Mechelsesteenweg Zn.,1930,Nossegem,1.0,0.0,1.0,0.0,0.0,0.0,0.0,0.0,0.0,0.0,0.0,0.0,1.0,0.0,0.0,0.0,0.0,,,,,,,,,,,,,,
8777500,Nîmes,,,,,,,,,,,,,,,,,,,,,,,,,,,,,,,,,,
8871332,Obaix-Buzet,Rue De La Station - Rue Du Tienne,6230,Luttre,1.0,0.0,0.0,0.0,0.0,0.0,0.0,0.0,0.0,0.0,0.0,0.0,1.0,0.0,0.0,0.0,0.0,,,,,,,,,,,,,,
8881406,Obourg,Rue De Beauval 49,7034,Obourg,1.0,0.0,0.0,0.0,0.0,0.0,0.0,0.0,0.0,0.0,0.0,0.0,0.0,0.0,0.0,0.0,0.0,,,,,,,,,,,,,,
8895778,Okegem,J. Van Ockegemstraat 2,9400,Okegem - Ninove,1.0,0.0,1.0,0.0,0.0,0.0,0.0,0.0,0.0,0.0,0.0,0.0,1.0,0.0,0.0,0.0,0.0,,,,,,,,,,,,,,
8832458,Olen,Stationsstraat,2250,Olen,1.0,0.0,1.0,0.0,0.0,0.0,0.0,0.0,0.0,0.0,0.0,2.0,0.0,0.0,0.0,0.0,0.0,,,,,,,,,,,,,,
8891702,Oostende,NatiËnkaai 1,8400,Oostende,1.0,1.0,1.0,1.0,1.0,1.0,1.0,1.0,0.0,1.0,1.0,3.0,1.0,0.0,0.0,0.0,1.0,06:15,20:30,06:15,20:30,06:15,20:30,06:15,20:30,06:15,20:30,06:45,21:00,06:45,21:00
8891116,Oostkamp,Everaertstraat 1,8020,Oostkamp,0.0,0.0,1.0,0.0,0.0,0.0,1.0,0.0,0.0,0.0,0.0,1.0,0.0,0.0,0.0,0.0,0.0,,,,,,,,,,,,,,
8812146,Opwijk,Stationsstraat 64,1745,Opwijk,1.0,0.0,1.0,0.0,1.0,0.0,1.0,0.0,0.0,0.0,0.0,3.0,0.0,0.0,0.0,0.0,1.0,06:00,13:15,06:00,13:15,06:00,13:15,06:00,13:15,06:00,13:15,,,,
8811601,Ottignies,Av. Des Combattants,1340,Ottignies,1.0,0.0,1.0,1.0,1.0,1.0,1.0,0.0,0.0,1.0,1.0,3.0,0.0,0.0,0.0,0.0,1.0,06:15,20:30,06:15,20:30,06:15,20:30,06:15,20:30,06:15,20:30,06:15,20:30,06:15,20:30
8833134,Oud-Heverlee,Bogaardenstraat Zn.,3050,Oud-Heverlee,1.0,0.0,1.0,0.0,0.0,0.0,0.0,0.0,0.0,0.0,0.0,0.0,0.0,0.0,0.0,0.0,0.0,,,,,,,,,,,,,,
8893518,Oudegem,Oudegemsebaan,9200,Oudegem,1.0,0.0,1.0,0.0,0.0,0.0,1.0,0.0,0.0,0.0,0.0,0.0,0.0,0.0,0.0,0.0,0.0,,,,,,,,,,,,,,
8892601,Oudenaarde,Stationsplein 1,9700,Oudenaarde,1.0,0.0,1.0,0.0,1.0,1.0,1.0,0.0,0.0,0.0,1.0,7.0,0.0,1.0,0.0,1.0,1.0,05:45,20:00,05:45,20:00,05:45,20:00,05:45,20:00,05:45,20:00,07:15,14:30,07:15,14:30
8843174,Ougrée,Rue De La Gare,4102,Ougrée,1.0,0.0,0.0,0.0,0.0,0.0,0.0,0.0,0.0,0.0,0.0,0.0,0.0,0.0,0.0,0.0,0.0,,,,,,,,,,,,,,
8832573,Overpelt,Houtmolenstraat,3900,Overpelt,1.0,0.0,1.0,0.0,0.0,0.0,0.0,0.0,0.0,0.0,0.0,0.0,0.0,0.0,0.0,0.0,0.0,,,,,,,,,,,,,,
8865540,Paliseul,Place De La Gare 2,6850,Paliseul,1.0,0.0,0.0,0.0,0.0,0.0,0.0,0.0,0.0,0.0,0.0,0.0,1.0,0.0,0.0,0.0,0.0,,,,,,,,,,,,,,
8886561,Papegem,Rue De La Station De Papignies,7861,Papignies,1.0,0.0,1.0,0.0,0.0,0.0,0.0,0.0,0.0,0.0,0.0,0.0,0.0,0.0,0.0,0.0,0.0,,,,,,,,,,,,,,
8727100,Paris Nord,,,,,,,,,,,,,,,,,,,,,,,,,,,,,,,,,,
8844206,Pepinster,Avenue Albert 1,4860,Pepinster,1.0,0.0,1.0,0.0,0.0,0.0,0.0,0.0,0.0,0.0,0.0,0.0,1.0,0.0,0.0,0.0,0.0,,,,,,,,,,,,,,
8844313,Pepinster-Cité,Rue Neuve,4860,Pepinster,0.0,0.0,0.0,0.0,0.0,0.0,1.0,0.0,0.0,0.0,0.0,0.0,0.0,0.0,0.0,0.0,0.0,,,,,,,,,,,,,,
8778400,Perpignan,,,,,,,,,,,,,,,,,,,,,,,,,,,,,,,,,,
8200930,Petange,,,,,,,,,,,,,,,,,,,,,,,,,,,,,,,,,,
8200102,Pfaffenthal-Kirchberg,,,,,,,,,,,,,,,,,,,,,,,,,,,,,,,,,,
8873122,Philippeville,Rue Du Moulin 59,5600,Philippeville,1.0,0.0,1.0,0.0,0.0,0.0,1.0,0.0,0.0,0.0,0.0,0.0,0.0,0.0,0.0,0.0,0.0,,,,,,,,,,,,,,
8871415,Piéton,Place H. Moulin,7160,Chapelle Lez Herlaimont,0.0,0.0,1.0,0.0,1.0,0.0,1.0,0.0,0.0,0.0,0.0,0.0,0.0,0.0,0.0,0.0,0.0,,,,,,,,,,,,,,
8865227,Poix-Saint-Hubert,Route De Smuid,6870,St Hubert,1.0,0.0,1.0,0.0,0.0,0.0,1.0,0.0,0.0,0.0,0.0,0.0,0.0,0.0,0.0,0.0,0.0,,,,,,,,,,,,,,
8728683,Pont de Bois,,,,,,,,,,,,,,,,,,,,,,,,,,,,,,,,,,
8843141,Pont-de-Seraing,Rue De L'Echelle,4100,Seraing,0.0,0.0,0.0,0.0,0.0,0.0,0.0,0.0,0.0,0.0,0.0,0.0,0.0,0.0,0.0,0.0,0.0,,,,,,,,,,,,,,
8871365,Pont-à-Celles,Rue Paul Glineur,6230,Pont-A-Celles,1.0,0.0,0.0,0.0,0.0,0.0,0.0,0.0,0.0,0.0,0.0,0.0,0.0,0.0,0.0,0.0,0.0,,,,,,,,,,,,,,
8896735,Poperinge,Ieperstraat 167,8970,Poperinge,1.0,0.0,1.0,0.0,1.0,0.0,1.0,0.0,0.0,0.0,1.0,2.0,0.0,0.0,0.0,0.0,1.0,05:45,13:00,05:45,13:00,05:45,13:00,05:45,13:00,05:45,13:00,07:00,14:15,,
8842689,Poulseur,Place Puissant 14,4171,Poulseur,1.0,0.0,1.0,0.0,0.0,0.0,1.0,0.0,0.0,0.0,0.0,0.0,0.0,0.0,0.0,0.0,0.0,,,,,,,,,,,,,,
8811544,Profondsart,Chemin De Bourgeois,1300,Wavre,1.0,0.0,0.0,0.0,0.0,0.0,0.0,0.0,0.0,0.0,0.0,0.0,0.0,0.0,0.0,0.0,0.0,,,,,,,,,,,,,,
8873312,Pry,Rue Des Etangs,5650,Pry,1.0,0.0,0.0,0.0,0.0,0.0,0.0,0.0,0.0,0.0,0.0,0.0,0.0,0.0,0.0,0.0,0.0,,,,,,,,,,,,,,
8822715,Puurs,Stationstraat 43,2870,Puurs,1.0,0.0,1.0,0.0,1.0,0.0,1.0,0.0,0.0,0.0,1.0,2.0,0.0,0.0,0.0,0.0,1.0,05:45,13:00,05:45,13:00,05:45,13:00,05:45,13:00,05:45,13:00,,,,
8811775,Pécrot,Rue De Rhode,1390,Grez  Doiceau,1.0,0.0,1.0,0.0,0.0,0.0,0.0,0.0,0.0,0.0,0.0,0.0,1.0,0.0,0.0,0.0,0.0,,,,,,,,,,,,,,
8884855,Péruwelz,Rue Des FranÇais,7600,Peruwelz,1.0,0.0,1.0,0.0,1.0,0.0,1.0,0.0,0.0,0.0,0.0,0.0,0.0,0.0,0.0,0.0,1.0,06:00,13:15,06:00,13:15,06:00,13:15,06:00,13:15,06:00,13:15,,,,
8884541,Quaregnon,Rue De La Station 2,7390,Quaregnon,1.0,0.0,1.0,0.0,0.0,0.0,0.0,0.0,0.0,0.0,0.0,0.0,0.0,0.0,0.0,0.0,0.0,,,,,,,,,,,,,,
8881505,Quevy,Rue De La Gare 5,7040,Aulnois,1.0,0.0,1.0,0.0,0.0,0.0,0.0,0.0,0.0,0.0,0.0,2.0,0.0,0.0,0.0,0.0,0.0,,,,,,,,,,,,,,
8889003,Quevy-frontiere,,,,,,,,,,,,,,,,,,,,,,,,,,,,,,,,,,
8884335,Quievrain,Place De La Gare 5,7380,Quievrain,1.0,0.0,1.0,0.0,1.0,0.0,0.0,0.0,0.0,0.0,0.0,2.0,0.0,0.0,0.0,0.0,1.0,,,,,,,,,,,,,,
8886587,Rebaix,Rue Princesse Astrid,7804,Rebaix,1.0,0.0,1.0,0.0,0.0,0.0,0.0,0.0,0.0,0.0,0.0,0.0,0.0,0.0,0.0,0.0,0.0,,,,,,,,,,,,,,
8841442,Remicourt,Rue Nouvelle Percée 2,4350,Remicourt,1.0,0.0,1.0,0.0,0.0,0.0,0.0,0.0,0.0,0.0,0.0,0.0,0.0,0.0,0.0,0.0,0.0,,,,,,,,,,,,,,
8861440,Rhisnes,Rue De La Station,5080,Rhisnes,1.0,0.0,1.0,0.0,0.0,0.0,0.0,0.0,0.0,0.0,0.0,0.0,0.0,0.0,0.0,0.0,0.0,,,,,,,,,,,,,,
8842705,Rivage,Rue De Rivage 2,4140,Rivage,1.0,0.0,1.0,0.0,1.0,0.0,0.0,0.0,0.0,0.0,1.0,0.0,0.0,0.0,0.0,0.0,1.0,,,,,,,,,,,,,,
8811536,Rixensart,Place De La Gare 1,1330,Rixensart,1.0,0.0,1.0,0.0,1.0,0.0,1.0,0.0,0.0,0.0,0.0,4.0,0.0,0.0,0.0,0.0,1.0,06:15,13:30,06:15,13:30,06:15,13:30,06:15,13:30,06:15,13:30,,,,
8864006,Rochefort-Jemelle,Route De ForriÈres 1,5580,Jemelle,1.0,0.0,1.0,0.0,1.0,0.0,1.0,0.0,0.0,0.0,1.0,6.0,0.0,0.0,0.0,0.0,1.0,06:15,13:30,06:15,13:30,06:15,13:30,06:15,13:30,06:15,13:30,,,,
8200940,Rodange,,,,,,,,,,,,,,,,,,,,,,,,,,,,,,,,,,
8896800,Roeselare,Stationsplein,8800,Roeselare,1.0,0.0,1.0,0.0,1.0,1.0,1.0,0.0,0.0,0.0,1.0,3.0,0.0,1.0,0.0,1.0,1.0,06:15,20:00,06:15,20:00,06:15,20:00,06:15,20:00,06:15,20:00,06:30,20:00,06:30,20:00
8861119,Ronet,Rue J.j. Gaillard,5020,Flawinne,1.0,0.0,0.0,0.0,0.0,0.0,0.0,0.0,0.0,0.0,0.0,0.0,0.0,0.0,0.0,0.0,0.0,,,,,,,,,,,,,,
8892908,Ronse,W. Churchillplein 6,9600,Ronse,1.0,0.0,1.0,0.0,1.0,0.0,1.0,0.0,0.0,0.0,1.0,2.0,0.0,0.0,0.0,0.0,1.0,06:00,13:15,06:00,13:15,06:00,13:15,06:00,13:15,06:00,13:15,,,,
8400526,Roosendaal,,,,,,,,,,,,,,,,,,,,,,,,,,,,,,,,,,
8400530,Rotterdam CS,,,,,,,,,,,,,,,,,,,,,,,,,,,,,,,,,,
8728673,Roubaix,,,,,,,,,,,,,,,,,,,,,,,,,,,,,,,,,,
8871217,Roux,Rue Foulon 8,6044,Roux,1.0,0.0,0.0,0.0,0.0,0.0,0.0,0.0,0.0,0.0,0.0,0.0,0.0,0.0,0.0,0.0,0.0,,,,,,,,,,,,,,
8814365,Ruisbroek,Stationsstraat,1601,Ruisbroek,1.0,0.0,0.0,0.0,0.0,0.0,1.0,0.0,0.0,0.0,0.0,2.0,0.0,0.0,0.0,0.0,0.0,,,,,,,,,,,,,,
8822848,Ruisbroek-Sauvegarde,Sauvegardestraat,2870,Ruisbroek (puurs),1.0,0.0,1.0,0.0,0.0,0.0,0.0,0.0,0.0,0.0,0.0,1.0,1.0,0.0,0.0,0.0,0.0,,,,,,,,,,,,,,
8861432,Saint-Denis-Bovesse,Bati Du Suargeon,5081,St Denis - Bovesse,1.0,0.0,1.0,0.0,0.0,0.0,0.0,0.0,0.0,0.0,0.0,0.0,0.0,0.0,0.0,0.0,0.0,,,,,,,,,,,,,,
8884004,Saint-Ghislain,Place Albert Elisabeth 56,7330,Saint-Ghislain,1.0,0.0,1.0,0.0,1.0,0.0,1.0,0.0,0.0,0.0,1.0,3.0,1.0,0.0,0.0,0.0,1.0,06:15,13:30,06:15,13:30,06:15,13:30,06:15,13:30,06:15,13:30,06:45,14:00,,
8718213,Saint-Louis-Haut-Rhin,,,,,,,,,,,,,,,,,,,,,,,,,,,,,,,,,,
8775752,Saint-Raphaël-Valescure,,,,,,,,,,,,,,,,,,,,,,,,,,,,,,,,,,
8864956,Sart-Bernard,Rue Cortil Niche,5330,Sart - Bernard,1.0,0.0,1.0,0.0,0.0,0.0,0.0,0.0,0.0,0.0,0.0,0.0,0.0,0.0,0.0,0.0,0.0,,,,,,,,,,,,,,
8721222,Saverne,,,,,,,,,,,,,,,,,,,,,,,,,,,,,,,,,,
8811007,Schaarbeek/Schaerbeek,Prinses-Elisabethplein 5,1030,Schaarbeek,1.0,0.0,1.0,0.0,1.0,0.0,1.0,1.0,0.0,0.0,0.0,0.0,1.0,0.0,0.0,0.0,0.0,,,,,,,,,,,,,,
8893070,Scheldewindeke,Stationsstraat 72,9860,Scheldewinde - Oosterzele,1.0,0.0,0.0,0.0,1.0,0.0,0.0,0.0,0.0,0.0,0.0,0.0,1.0,0.0,0.0,0.0,0.0,,,,,,,,,,,,,,
8824232,Schelle,Steenwinkelstraat,2627,Schelle,0.0,0.0,1.0,0.0,0.0,0.0,1.0,0.0,0.0,0.0,0.0,1.0,1.0,0.0,0.0,0.0,0.0,,,,,,,,,,,,,,
8893542,Schellebelle,Stationsstraat,9260,Schellebelle,1.0,0.0,1.0,0.0,0.0,0.0,1.0,0.0,0.0,0.0,0.0,0.0,0.0,0.0,0.0,0.0,0.0,,,,,,,,,,,,,,
8895711,Schendelbeke,Moenebroekstraat,9506,Idegem - Geraardsbergen,1.0,0.0,1.0,0.0,0.0,0.0,0.0,0.0,0.0,0.0,0.0,0.0,0.0,0.0,0.0,0.0,0.0,,,,,,,,,,,,,,
8400561,Schiphol,,,,,,,,,,,,,,,,,,,,,,,,,,,,,,,,,,
8893526,Schoonaarde,Oude Brugstraat 4,9200,Schoonaarde,1.0,0.0,1.0,0.0,0.0,0.0,1.0,0.0,0.0,0.0,0.0,2.0,0.0,0.0,0.0,0.0,0.0,,,,,,,,,,,,,,
8831088,Schulen,Sint Jorislaan Zn.,3540,Schulen,1.0,0.0,1.0,0.0,0.0,0.0,0.0,0.0,0.0,0.0,0.0,0.0,0.0,0.0,0.0,0.0,0.0,,,,,,,,,,,,,,
8863446,Sclaigneaux,Rue De La Limite,5300,Vezin,0.0,0.0,1.0,0.0,0.0,0.0,1.0,0.0,0.0,0.0,0.0,0.0,0.0,0.0,0.0,0.0,0.0,,,,,,,,,,,,,,
8843133,Sclessin,Rue De L'Hippodrome,4000,Liege,0.0,0.0,0.0,0.0,0.0,0.0,0.0,0.0,0.0,0.0,0.0,0.0,0.0,0.0,0.0,0.0,0.0,,,,,,,,,,,,,,
8721405,Selestat,,,,,,,,,,,,,,,,,,,,,,,,,,,,,,,,,,
8843067,Seraing,Rue Goffart,4100,Seraing,1.0,0.0,0.0,0.0,0.0,0.0,0.0,0.0,0.0,0.0,0.0,0.0,0.0,0.0,0.0,0.0,0.0,,,,,,,,,,,,,,
8893583,Serskamp,Billegem,9260,Serskamp - Wichelen,1.0,0.0,0.0,0.0,0.0,0.0,0.0,0.0,0.0,0.0,0.0,0.0,0.0,0.0,0.0,0.0,0.0,,,,,,,,,,,,,,
8015588,Siegburg,,,,,,,,,,,,,,,,,,,,,,,,,,,,,,,,,,
8883436,Silly,Rue De La Nouvelle Gare,7830,Silly,1.0,0.0,1.0,0.0,1.0,0.0,1.0,0.0,0.0,0.0,0.0,2.0,0.0,0.0,0.0,0.0,1.0,05:45,13:00,05:45,13:00,05:45,13:00,05:45,13:00,05:45,13:00,,,,
8812013,Simonis,Wapenstilstandstraat,1081,Koekelberg,1.0,0.0,0.0,0.0,0.0,0.0,1.0,1.0,1.0,0.0,0.0,0.0,1.0,1.0,1.0,0.0,0.0,,,,,,,,,,,,,,
8894425,Sinaai,Stationswegel 1,9112,Sinaai,1.0,0.0,1.0,0.0,0.0,0.0,1.0,0.0,0.0,0.0,0.0,0.0,0.0,0.0,0.0,0.0,0.0,,,,,,,,,,,,,,
8812211,Sint-Agatha-Berchem/Berchem-Sainte-Agathe,Gentsesteenweg,1082,Brussel,1.0,0.0,1.0,0.0,0.0,0.0,1.0,1.0,0.0,0.0,0.0,0.0,0.0,0.0,0.0,0.0,0.0,,,,,,,,,,,,,,
8892692,Sint-Denijs-Boekel,Dries,9630,St-Denijs-Boekel,1.0,0.0,1.0,0.0,0.0,0.0,0.0,0.0,0.0,0.0,0.0,0.0,1.0,0.0,0.0,0.0,0.0,,,,,,,,,,,,,,
8814167,Sint-Genesius-Rode,Stationsplein 18,1640,Sint-Genesius-Rode,1.0,0.0,1.0,0.0,1.0,0.0,1.0,0.0,0.0,0.0,0.0,0.0,0.0,0.0,0.0,0.0,1.0,06:15,13:30,06:15,13:30,06:15,13:30,06:15,13:30,06:15,13:30,,,,
8893443,Sint-Gillis-Dendermonde,Buisstraat,9200,Sint-Gillis,0.0,0.0,0.0,0.0,0.0,0.0,0.0,0.0,0.0,0.0,0.0,0.0,1.0,0.0,0.0,0.0,0.0,,,,,,,,,,,,,,
8814449,Sint-Job,Jean En Pierre Carsoellaan,1180,Ukkel,1.0,0.0,0.0,0.0,0.0,0.0,1.0,1.0,0.0,0.0,0.0,0.0,0.0,0.0,0.0,0.0,0.0,,,,,,,,,,,,,,
8833159,Sint-Joris-Weert,Stationsstraat Zn.,3051,Sint-Joris-Weert,0.0,0.0,1.0,0.0,0.0,0.0,0.0,0.0,0.0,0.0,0.0,0.0,0.0,0.0,0.0,0.0,0.0,,,,,,,,,,,,,,
8822228,Sint-Katelijne-Waver,Stationsplein 1,2860,Sint-Katelijne-Waver,1.0,0.0,1.0,0.0,0.0,0.0,1.0,0.0,0.0,0.0,0.0,2.0,1.0,0.0,0.0,0.0,0.0,,,,,,,,,,,,,,
8821543,Sint-Mariaburg,Lodewijk Andessonstraat,2180,Antwerpen (ekeren),1.0,0.0,0.0,0.0,0.0,0.0,0.0,0.0,0.0,0.0,0.0,0.0,1.0,0.0,0.0,0.0,0.0,,,,,,,,,,,,,,
8812245,Sint-Martens-Bodegem,Stationsplein,1700,Sint Martens Bodegem - Dilbeek,1.0,0.0,1.0,0.0,0.0,0.0,0.0,0.0,0.0,0.0,0.0,0.0,1.0,0.0,0.0,0.0,0.0,,,,,,,,,,,,,,
8894508,Sint-Niklaas,Leopold II Laan 2,9100,Sint-Niklaas,1.0,0.0,1.0,1.0,1.0,1.0,1.0,0.0,0.0,0.0,1.0,9.0,0.0,1.0,0.0,1.0,1.0,05:45,20:00,05:45,20:00,05:45,20:00,05:45,20:00,05:45,20:00,06:00,20:00,06:00,20:00
8831807,Sint-Truiden,Stationsplein 65,3800,Sint Truiden,1.0,0.0,1.0,1.0,1.0,1.0,1.0,0.0,0.0,0.0,1.0,5.0,0.0,0.0,0.0,0.0,1.0,06:15,13:30,06:15,13:30,06:15,13:30,06:15,13:30,06:15,13:30,07:00,14:15,07:00,14:15
8893260,Sleidinge,Weststraat 131,9940,Sleidinge,1.0,0.0,1.0,0.0,0.0,0.0,0.0,0.0,0.0,0.0,0.0,0.0,0.0,0.0,0.0,0.0,0.0,,,,,,,,,,,,,,
8883113,Soignies,Rue De La Station 96,7060,Soignies,1.0,0.0,1.0,1.0,1.0,0.0,1.0,0.0,0.0,0.0,0.0,4.0,1.0,0.0,0.0,0.0,1.0,05:45,20:00,05:45,20:00,05:45,20:00,05:45,20:00,05:45,20:00,06:45,14:00,06:45,14:00
8871662,Solre-sur-Sambre,Rue De La Gare,6560,Erquelinnes,1.0,0.0,0.0,0.0,0.0,0.0,0.0,0.0,0.0,0.0,0.0,0.0,0.0,0.0,0.0,0.0,0.0,,,,,,,,,,,,,,
8844404,Spa,Place De La Gare 4,4900,Spa,1.0,0.0,1.0,0.0,1.0,0.0,1.0,0.0,0.0,0.0,1.0,1.0,0.0,0.0,0.0,0.0,1.0,06:30,13:45,06:30,13:45,06:30,13:45,06:30,13:45,06:30,13:45,,,,
8844420,Spa-Géronstère,Rue Du Waux-Hall,4900,Spa,1.0,0.0,0.0,0.0,0.0,0.0,0.0,0.0,0.0,0.0,0.0,0.0,0.0,0.0,0.0,0.0,0.0,,,,,,,,,,,,,,
8843406,Statte,Place Preud'Homme 1,4500,Huy,1.0,0.0,1.0,0.0,0.0,0.0,0.0,0.0,0.0,0.0,0.0,0.0,0.0,0.0,0.0,0.0,0.0,,,,,,,,,,,,,,
8869054,Sterpenich-Frontiere,,,,,,,,,,,,,,,,,,,,,,,,,,,,,,,,,,
8862018,Stockem,Rue De La BarriÈre,6700,Arlon,0.0,0.0,1.0,0.0,0.0,0.0,0.0,0.0,0.0,0.0,0.0,0.0,0.0,0.0,0.0,0.0,0.0,,,,,,,,,,,,,,
8721202,Strasbourg,,,,,,,,,,,,,,,,,,,,,,,,,,,,,,,,,,
8842853,Sy,Rue Laurins,4190,FerriÈres,1.0,0.0,0.0,0.0,0.0,0.0,0.0,0.0,0.0,0.0,0.0,0.0,0.0,0.0,0.0,0.0,0.0,,,,,,,,,,,,,,
8777320,Sète,,,,,,,,,,,,,,,,,,,,,,,,,,,,,,,,,,
8874609,Tamines,Rue Victor Lagneau 1,5060,Tamines,1.0,0.0,1.0,0.0,1.0,0.0,1.0,0.0,0.0,0.0,1.0,4.0,0.0,0.0,0.0,0.0,1.0,06:15,13:30,06:15,13:30,06:15,13:30,06:15,13:30,06:15,13:30,06:45,14:00,,
8894672,Temse,Stationsplein,9140,Temse,1.0,0.0,1.0,0.0,1.0,0.0,1.0,0.0,0.0,0.0,0.0,1.0,0.0,0.0,0.0,0.0,1.0,,,,,,,,,,,,,,
8895448,Terhagen,Borsbekestraat,9552,Borsbeke,1.0,0.0,0.0,0.0,0.0,0.0,0.0,0.0,0.0,0.0,0.0,0.0,1.0,0.0,0.0,0.0,0.0,,,,,,,,,,,,,,
8812252,Ternat,Stationsstraat,1740,Ternat,1.0,0.0,1.0,0.0,1.0,0.0,1.0,0.0,0.0,0.0,0.0,0.0,0.0,0.0,0.0,0.0,1.0,05:45,13:00,05:45,13:00,05:45,13:00,05:45,13:00,05:45,13:00,,,,
8833266,Testelt,Stationstraat,3271,Zichem,1.0,0.0,1.0,0.0,0.0,0.0,0.0,0.0,0.0,0.0,0.0,2.0,0.0,0.0,0.0,0.0,0.0,,,,,,,,,,,,,,
8844339,Theux,Rue De La Station 5,4910,Theux,1.0,0.0,1.0,0.0,0.0,0.0,0.0,0.0,0.0,0.0,0.0,1.0,0.0,0.0,0.0,0.0,0.0,,,,,,,,,,,,,,
8881455,Thieu,Rue Du Manoir Saint-Jean,7070,Thieu,1.0,0.0,1.0,0.0,0.0,0.0,0.0,0.0,0.0,0.0,0.0,0.0,0.0,0.0,0.0,0.0,0.0,,,,,,,,,,,,,,
8719100,Thionville,,,,,,,,,,,,,,,,,,,,,,,,,,,,,,,,,,
8871811,Thuin,Rue De La Gare  //  Rue De Bethleem,6530,Thuin,1.0,0.0,1.0,0.0,0.0,0.0,0.0,0.0,0.0,0.0,0.0,0.0,0.0,0.0,0.0,0.0,0.0,,,,,,,,,,,,,,
8884350,Thulin,Rue Du MaÏeur Jean Durot,7350,Hensies (thulin),1.0,0.0,0.0,0.0,0.0,0.0,0.0,0.0,0.0,0.0,0.0,0.0,0.0,0.0,0.0,0.0,0.0,,,,,,,,,,,,,,
8815016,Thurn en Taxis/Tour et Taxis,Charles Demeerstraat,1020,Laken,1.0,0.0,0.0,0.0,0.0,0.0,0.0,0.0,0.0,0.0,0.0,0.0,0.0,0.0,0.0,0.0,0.0,,,,,,,,,,,,,,
8821964,Tielen,Stationsstraat,2460,Kasterlee,1.0,0.0,1.0,0.0,0.0,0.0,1.0,0.0,0.0,0.0,0.0,2.0,0.0,0.0,0.0,0.0,0.0,,,,,,,,,,,,,,
8892254,Tielt,Stationsplein 16,8700,Tielt,1.0,0.0,0.0,0.0,1.0,0.0,1.0,0.0,0.0,0.0,1.0,2.0,0.0,0.0,0.0,0.0,1.0,06:00,13:15,06:00,13:15,06:00,13:15,06:00,13:15,06:00,13:15,07:00,14:15,,
8833308,Tienen,4e Lansierslaan,3300,Tienen,1.0,0.0,1.0,1.0,1.0,0.0,1.0,0.0,0.0,1.0,1.0,3.0,0.0,0.0,0.0,0.0,1.0,05:45,20:00,05:45,20:00,05:45,20:00,05:45,20:00,05:45,20:00,06:00,20:00,07:00,14:15
8842630,Tilff,Rue d'Angleur 1,4130,Tilff,1.0,0.0,1.0,0.0,0.0,0.0,1.0,0.0,0.0,0.0,0.0,0.0,0.0,0.0,0.0,0.0,0.0,,,,,,,,,,,,,,
8872553,Tilly,Rue De La Station,1495,Tilly,1.0,0.0,1.0,0.0,0.0,0.0,0.0,0.0,0.0,0.0,0.0,0.0,0.0,0.0,0.0,0.0,0.0,,,,,,,,,,,,,,
8895638,Tollembeek,Statiestraat,1570,Tollembeek - Galmaarden,1.0,0.0,0.0,0.0,0.0,0.0,0.0,0.0,0.0,0.0,0.0,0.0,1.0,0.0,0.0,0.0,0.0,,,,,,,,,,,,,,
8831310,Tongeren,Stationsplein 1,3700,Tongeren,1.0,0.0,1.0,0.0,1.0,1.0,1.0,0.0,0.0,0.0,1.0,2.0,0.0,0.0,0.0,0.0,1.0,05:45,13:00,05:45,13:00,05:45,13:00,05:45,13:00,05:45,13:00,,,,
8891314,Torhout,Viaductstraat 1,8820,Torhout,1.0,0.0,1.0,0.0,1.0,1.0,1.0,0.0,0.0,0.0,1.0,2.0,0.0,0.0,0.0,0.0,1.0,06:15,13:30,06:15,13:30,06:15,13:30,06:15,13:30,06:15,13:30,07:00,14:15,,
8775500,Toulon,,,,,,,,,,,,,,,,,,,,,,,,,,,,,,,,,,
8728654,Tourcoing,,,,,,,,,,,,,,,,,,,,,,,,,,,,,,,,,,
8885001,Tournai,Place Crombez,7500,Tournai,1.0,0.0,1.0,1.0,1.0,0.0,1.0,0.0,0.0,0.0,1.0,3.0,0.0,0.0,0.0,0.0,1.0,05:45,20:00,05:45,20:00,05:45,20:00,05:45,20:00,05:45,20:00,06:00,20:30,06:00,20:30
8845203,Trois-Ponts,Place De La Gare 1,4980,Trois-Ponts,1.0,0.0,1.0,0.0,0.0,0.0,1.0,0.0,0.0,0.0,0.0,0.0,0.0,0.0,0.0,0.0,0.0,,,,,,,,,,,,,,
8200136,Troisvierges,,,,,,,,,,,,,,,,,,,,,,,,,,,,,,,,,,
8844271,Trooz,Place Du 11 Novembre,4870,Trooz,1.0,0.0,1.0,0.0,0.0,0.0,1.0,0.0,0.0,0.0,0.0,3.0,1.0,0.0,0.0,0.0,0.0,,,,,,,,,,,,,,
8883808,Tubize,Plateau De La Gare 32,1480,Tubize,1.0,0.0,0.0,0.0,1.0,0.0,1.0,0.0,0.0,0.0,0.0,2.0,1.0,1.0,0.0,0.0,1.0,05:45,13:00,05:45,13:00,05:45,13:00,05:45,13:00,05:45,13:00,07:00,14:15,,
8821907,Turnhout,Stationstraat 1,2300,Turnhout,1.0,0.0,1.0,1.0,1.0,1.0,1.0,0.0,0.0,0.0,1.0,2.0,0.0,0.0,0.0,0.0,1.0,05:45,20:00,05:45,20:00,05:45,20:00,05:45,20:00,05:45,20:00,07:00,14:15,07:00,14:15
8814134,Ukkel-Kalevoet/Uccle-Calevoet,Alsembergsesteenweg,1180,Ukkel,1.0,0.0,1.0,0.0,1.0,0.0,1.0,1.0,0.0,0.0,0.0,0.0,1.0,0.0,0.0,0.0,0.0,,,,,,,,,,,,,,
8814126,Ukkel-Stalle/Uccle-Stalle,Victor Allardstraat,1180,Uccle,1.0,0.0,0.0,0.0,0.0,0.0,1.0,1.0,0.0,0.0,0.0,0.0,0.0,0.0,0.0,0.0,0.0,,,,,,,,,,,,,,
8776302,Valence TGV,,,,,,,,,,,,,,,,,,,,,,,,,,,,,,,,,,
8811270,Veltem,Stationsplein Zn.,3020,Veltem,1.0,0.0,1.0,0.0,0.0,0.0,1.0,0.0,0.0,0.0,0.0,0.0,1.0,0.0,0.0,0.0,0.0,,,,,,,,,,,,,,
8833050,Vertrijk,Stationsstraat Zn.,3370,Boutersem,1.0,0.0,1.0,0.0,0.0,0.0,1.0,0.0,0.0,0.0,0.0,1.0,1.0,0.0,0.0,0.0,0.0,,,,,,,,,,,,,,
8844008,Verviers-Central,Rue d'Ensival 1,4800,Verviers,1.0,0.0,1.0,1.0,1.0,0.0,1.0,0.0,0.0,1.0,1.0,12.0,1.0,1.0,0.0,1.0,1.0,05:45,20:00,05:45,20:00,05:45,20:00,05:45,20:00,05:45,20:00,05:45,20:00,07:00,20:00
8844057,Verviers-Palais,Rue Du Palais / Rue De La Banque,4800,Verviers,1.0,0.0,0.0,0.0,0.0,0.0,1.0,0.0,0.0,0.0,0.0,0.0,0.0,0.0,0.0,0.0,0.0,,,,,,,,,,,,,,
8892304,Veurne,Statieplaats,8630,Veurne,1.0,0.0,1.0,0.0,1.0,0.0,1.0,0.0,0.0,0.0,1.0,2.0,0.0,0.0,0.0,0.0,1.0,05:45,13:00,05:45,13:00,05:45,13:00,05:45,13:00,05:45,13:00,,,,
8895612,Viane-Moerbeke,Edingsesteenweg 315,9500,Viane-Moerbeke - Geraardsbergen,1.0,0.0,0.0,0.0,1.0,0.0,1.0,0.0,0.0,0.0,0.0,0.0,0.0,0.0,0.0,0.0,0.0,,,,,,,,,,,,,,
8896230,Vichte,Beukenhofstraat,8570,Vichte,1.0,0.0,0.0,0.0,0.0,0.0,1.0,0.0,0.0,0.0,0.0,2.0,1.0,0.0,0.0,0.0,0.0,,,,,,,,,,,,,,
8845146,Vielsalm,Rue De La Station 3,6690,Vielsalm,1.0,0.0,1.0,0.0,1.0,0.0,1.0,0.0,0.0,0.0,1.0,0.0,1.0,0.0,0.0,0.0,0.0,,,,,,,,,,,,,,
8895489,Vijfhuizen,Gentsesteenweg,9420,Erpe-Mere,0.0,0.0,0.0,0.0,0.0,0.0,0.0,0.0,0.0,0.0,0.0,0.0,0.0,0.0,0.0,0.0,0.0,,,,,,,,,,,,,,
8884632,Ville-Pommerœul,Place De La Gare,7322,Ville-Pommeroeul,1.0,0.0,0.0,0.0,0.0,0.0,0.0,0.0,0.0,0.0,0.0,0.0,0.0,0.0,0.0,0.0,0.0,,,,,,,,,,,,,,
8872579,Villers-la-Ville,Rue De Mellery,1495,Villers-La-Ville,1.0,0.0,0.0,0.0,0.0,0.0,0.0,0.0,0.0,0.0,0.0,0.0,0.0,0.0,0.0,0.0,0.0,,,,,,,,,,,,,,
8811189,Vilvoorde,Stationsplein 9,1800,Vilvoorde,1.0,0.0,1.0,1.0,1.0,1.0,1.0,0.0,0.0,0.0,0.0,7.0,1.0,0.0,0.0,0.0,1.0,05:45,20:00,05:45,20:00,05:45,20:00,05:45,20:00,05:45,20:00,06:15,20:30,06:15,20:30
8866407,Virton,Avenue Bouvier 171,6762,Virton,1.0,0.0,1.0,0.0,0.0,0.0,1.0,0.0,0.0,0.0,1.0,0.0,0.0,0.0,0.0,0.0,1.0,06:00,13:15,06:00,13:15,06:00,13:15,06:00,13:15,06:00,13:15,,,,
8849064,Vise-Frontiere,,,,,,,,,,,,,,,,,,,,,,,,,,,,,,,,,,
8846201,Visé,Avenue Maréchal Foch,4600,Vise,1.0,0.0,1.0,0.0,1.0,0.0,1.0,0.0,0.0,0.0,0.0,0.0,0.0,1.0,0.0,0.0,1.0,06:45,14:00,06:45,14:00,06:45,14:00,06:45,14:00,06:45,14:00,,,,
8866118,Viville,Rue Des Ateliers,6700,Viville (arlon),0.0,0.0,1.0,0.0,0.0,0.0,0.0,0.0,0.0,0.0,0.0,0.0,0.0,0.0,0.0,0.0,0.0,,,,,,,,,,,,,,
8841327,Voroux,Rue De La Gare 51,4347,Voroux-Goreux,1.0,0.0,0.0,0.0,0.0,0.0,0.0,0.0,0.0,0.0,0.0,0.0,0.0,0.0,0.0,0.0,0.0,,,,,,,,,,,,,,
8814118,Vorst-Oost/Forest-Est,Toegangweg,1190,Vorst,1.0,0.0,0.0,0.0,0.0,0.0,1.0,1.0,0.0,0.0,0.0,0.0,0.0,0.0,0.0,0.0,0.0,,,,,,,,,,,,,,
8814373,Vorst-Zuid/Forest-Midi,Bollinckxstraat,1190,Vorst,0.0,0.0,1.0,0.0,0.0,0.0,1.0,1.0,0.0,0.0,0.0,0.0,0.0,0.0,0.0,0.0,0.0,,,,,,,,,,,,,,
8893815,Waarschoot,Stationsplein 10,9950,Waarschoot,1.0,0.0,0.0,0.0,0.0,0.0,0.0,0.0,0.0,0.0,0.0,0.0,0.0,0.0,0.0,0.0,0.0,,,,,,,,,,,,,,
8873007,Walcourt,Rue De La Station 124,5650,Walcourt,1.0,0.0,1.0,0.0,1.0,0.0,1.0,0.0,0.0,0.0,1.0,0.0,0.0,0.0,0.0,0.0,0.0,,,,,,,,,,,,,,
8896149,Waregem,Noorderlaan 71,8790,Waregem,1.0,0.0,1.0,0.0,1.0,1.0,1.0,0.0,0.0,0.0,0.0,5.0,0.0,1.0,0.0,0.0,1.0,05:45,20:00,05:45,20:00,05:45,20:00,05:45,20:00,05:45,20:00,07:45,15:00,07:45,15:00
8841400,Waremme,Place Rongvaux 14,4300,Waremme,1.0,0.0,1.0,0.0,1.0,0.0,1.0,0.0,0.0,0.0,1.0,3.0,1.0,0.0,0.0,0.0,1.0,06:15,13:30,06:15,13:30,06:15,13:30,06:15,13:30,06:15,13:30,07:00,14:15,,
8814266,Waterloo,Place De La Gare,1410,Waterloo,1.0,0.0,1.0,0.0,1.0,0.0,0.0,0.0,0.0,0.0,0.0,6.0,1.0,0.0,0.0,0.0,1.0,06:15,13:30,06:15,13:30,06:15,13:30,06:15,13:30,06:15,13:30,,,,
8811429,Watermaal/Watermael,Hakhoutlaan,1170,Watermaal-Bosvoorde,0.0,0.0,0.0,0.0,0.0,0.0,1.0,0.0,0.0,0.0,0.0,0.0,0.0,0.0,0.0,0.0,0.0,,,,,,,,,,,,,,
8811726,Wavre,Place Henri Berger 1,1300,Wavre,1.0,0.0,1.0,0.0,1.0,0.0,1.0,0.0,0.0,0.0,0.0,3.0,1.0,0.0,0.0,0.0,1.0,06:15,13:30,06:15,13:30,06:15,13:30,06:15,13:30,06:15,13:30,,,,
8822251,Weerde,Stationsplein 1,1982,Weerde,1.0,0.0,1.0,0.0,0.0,0.0,1.0,0.0,0.0,0.0,0.0,1.0,1.0,0.0,0.0,0.0,0.0,,,,,,,,,,,,,,
8844503,Welkenraedt,Place De La Gare 11,4840,Welkenraedt,1.0,0.0,1.0,0.0,1.0,0.0,1.0,0.0,0.0,0.0,1.0,2.0,1.0,0.0,0.0,0.0,1.0,06:15,13:30,06:15,13:30,06:15,13:30,06:15,13:30,06:15,13:30,07:00,14:15,,
8895851,Welle,Hertstraat,9473,Welle - Denderleeuw,1.0,0.0,0.0,0.0,0.0,0.0,1.0,0.0,0.0,0.0,0.0,0.0,1.0,0.0,0.0,0.0,0.0,,,,,,,,,,,,,,
8896396,Wervik,Stationsstraat 17,8940,Wervik,1.0,0.0,1.0,0.0,1.0,0.0,1.0,0.0,0.0,0.0,0.0,1.0,0.0,0.0,0.0,0.0,0.0,,,,,,,,,,,,,,
8822525,Wespelaar-Tildonk,Dijkstraat,3150,Wespelaar,1.0,0.0,1.0,0.0,0.0,0.0,0.0,0.0,0.0,0.0,0.0,2.0,0.0,0.0,0.0,0.0,0.0,,,,,,,,,,,,,,
8893559,Wetteren,Stationsplein,9230,Wetteren,1.0,0.0,1.0,0.0,1.0,0.0,1.0,0.0,0.0,0.0,1.0,2.0,0.0,0.0,0.0,0.0,1.0,06:15,13:30,06:15,13:30,06:15,13:30,06:15,13:30,06:15,13:30,07:15,14:30,07:15,14:30
8896370,Wevelgem,Stationsstraat 3,8560,Wevelgem,1.0,0.0,1.0,0.0,1.0,0.0,1.0,0.0,0.0,0.0,0.0,0.0,0.0,0.0,0.0,0.0,0.0,,,,,,,,,,,,,,
8833233,Wezemaal,Langestraat Zn.,3111,Wezemaal,1.0,0.0,1.0,0.0,0.0,0.0,1.0,0.0,0.0,0.0,0.0,2.0,0.0,0.0,0.0,0.0,0.0,,,,,,,,,,,,,,
8893534,Wichelen,Paepestraat,9260,Wichelen,1.0,0.0,1.0,0.0,0.0,0.0,1.0,0.0,0.0,0.0,0.0,1.0,0.0,0.0,0.0,0.0,0.0,,,,,,,,,,,,,,
8833175,Wijgmaal,Stationsstraat Zn.,3018,Wijgmaal,1.0,0.0,1.0,0.0,0.0,0.0,1.0,0.0,0.0,0.0,0.0,0.0,0.0,0.0,0.0,0.0,0.0,,,,,,,,,,,,,,
8821436,Wildert,Sint-Jansstraat,2910,Essen,1.0,0.0,1.0,0.0,0.0,0.0,0.0,0.0,0.0,0.0,0.0,0.0,1.0,0.0,0.0,0.0,0.0,,,,,,,,,,,,,,
8822608,Willebroek,Stationsplein 1,2830,Willebroek,1.0,0.0,1.0,0.0,1.0,0.0,1.0,0.0,0.0,0.0,0.0,0.0,0.0,0.0,0.0,0.0,0.0,,,,,,,,,,,,,,
8200132,Wilwerwiltz,,,,,,,,,,,,,,,,,,,,,,,,,,,,,,,,,,
8821709,Wolfstee,Toekomstlaan,2288,Grobbendonk,0.0,0.0,1.0,0.0,0.0,0.0,0.0,0.0,0.0,0.0,0.0,0.0,0.0,0.0,0.0,0.0,0.0,,,,,,,,,,,,,,
8893211,Wondelgem,Wondelgemstationplein 36,9032,Wondelgem,1.0,0.0,1.0,0.0,1.0,0.0,1.0,0.0,0.0,0.0,0.0,0.0,0.0,0.0,0.0,0.0,1.0,,,,,,,,,,,,,,
8847258,Y.renory,,,,0.0,0.0,0.0,0.0,0.0,0.0,0.0,0.0,0.0,0.0,0.0,0.0,0.0,0.0,0.0,0.0,0.0,,,,,,,,,,,,,,
8873239,Yves-Gomezée,Rue Fontaine 42,5650,Walcourt,1.0,0.0,0.0,0.0,0.0,0.0,0.0,0.0,0.0,0.0,0.0,0.0,0.0,0.0,0.0,0.0,0.0,,,,,,,,,,,,,,
8863545,Yvoir,Place De La Gare 1,5530,Yvoir,1.0,0.0,1.0,0.0,1.0,0.0,1.0,0.0,0.0,0.0,0.0,2.0,0.0,0.0,0.0,0.0,0.0,,,,,,,,,,,,,,
8895737,Zandbergen,Jan De Coomanstraat,9506,Zandbergen - Geraardsbergen,1.0,0.0,0.0,0.0,0.0,0.0,0.0,0.0,0.0,0.0,0.0,0.0,1.0,0.0,0.0,0.0,0.0,,,,,,,,,,,,,,
8811221,Zaventem,Heldenplein,1930,Zaventem,1.0,0.0,1.0,0.0,1.0,0.0,0.0,0.0,0.0,0.0,0.0,2.0,1.0,0.0,0.0,0.0,0.0,07:00,14:15,07:00,14:15,07:00,14:15,07:00,14:15,07:00,14:15,,,,
8891264,Zedelgem,Ruddervoordestraat 67,8210,Zedelgem,1.0,0.0,1.0,0.0,1.0,0.0,1.0,0.0,0.0,0.0,0.0,0.0,0.0,0.0,0.0,0.0,0.0,,,,,,,,,,,,,,
8891553,Zeebrugge-Dorp,VenetiËlaan 1,8380,Zeebrugge,1.0,0.0,0.0,0.0,0.0,0.0,0.0,1.0,0.0,0.0,0.0,0.0,0.0,0.0,0.0,0.0,0.0,,,,,,,,,,,,,,
8891173,Zeebrugge-Strand,Baron De Maerelaan,8380,Zeebrugge,1.0,0.0,0.0,0.0,0.0,0.0,0.0,0.0,0.0,0.0,0.0,0.0,0.0,0.0,0.0,0.0,0.0,,,,,,,,,,,,,,
8894235,Zele,Koningin Astridplein,9240,Zele,1.0,0.0,1.0,0.0,1.0,0.0,1.0,0.0,0.0,0.0,0.0,3.0,0.0,0.0,0.0,0.0,1.0,,,,,,,,,,,,,,
8812062,Zellik,Vliegwezenlaan 9,1731,Zellik,0.0,0.0,0.0,0.0,0.0,0.0,0.0,0.0,0.0,0.0,0.0,0.0,0.0,0.0,0.0,0.0,0.0,,,,,,,,,,,,,,
8833274,Zichem,Ernest Claesstraat Zn,3271,Zichem,1.0,0.0,1.0,0.0,0.0,0.0,0.0,0.0,0.0,0.0,0.0,2.0,0.0,0.0,0.0,0.0,0.0,,,,,,,,,,,,,,
8892635,Zingem,Stationsstraat 1,9750,Zingem,1.0,0.0,1.0,0.0,0.0,0.0,0.0,0.0,0.0,0.0,0.0,0.0,0.0,0.0,0.0,0.0,0.0,,,,,,,,,,,,,,
8832250,Zolder,Stationsstraat Z/n,3550,Heusden - Zolder,1.0,0.0,1.0,0.0,0.0,0.0,0.0,0.0,0.0,0.0,0.0,2.0,0.0,0.0,0.0,0.0,0.0,,,,,,,,,,,,,,
8832334,Zonhoven,Engstegenseweg,3520,Zonhoven,1.0,0.0,1.0,0.0,0.0,0.0,0.0,0.0,0.0,0.0,0.0,3.0,0.0,0.0,0.0,0.0,0.0,,,,,,,,,,,,,,
8895208,Zottegem,Stationsplein 12,9620,Zottegem,1.0,0.0,1.0,0.0,1.0,0.0,1.0,0.0,0.0,1.0,1.0,2.0,0.0,0.0,0.0,0.0,1.0,05:45,20:00,05:45,20:00,05:45,20:00,05:45,20:00,05:45,20:00,07:15,14:30,07:15,14:30
8891611,Zwankendamme,,,,,,,,,,,,,,,,,,,,,,,,,,,,,,,,,,
8894821,Zwijndrecht,Fortlaan 1,2070,Zwijndrecht,1.0,0.0,1.0,0.0,1.0,0.0,0.0,0.0,0.0,0.0,0.0,0.0,0.0,0.0,0.0,0.0,0.0,,,,,,,,,,,,,,
0000101,Zwijndrecht Dorp,,,,,,,,,,,,,,,,,,,,,,,,,,,,,,,,,,
8883212,Écaussinnes,Avenue De La Déportation,7190,Ecaussinnes,1.0,0.0,1.0,0.0,1.0,0.0,1.0,0.0,0.0,0.0,0.0,0.0,0.0,0.0,0.0,0.0,0.0,,,,,,,,,,,,,,
